id,rate
0,28.6
1000,30.4
1001,33.8
1003,29.6
1005,32.4
1007,35.7
1009,36
1011,35.2
1013,34.5
1015,32.2
1017,32.1
1019,34.9
1021,35.8
1023,34.7
1025,37.7
1027,37.8
1029,35.8
1031,26.2
1033,33.9
1035,38.1
1037,38.3
1039,33
1041,29
1043,32
1045,29.2
1047,33.6
1049,34
1051,33.8
1053,34.7
1055,32.3
1057,35
1059,30.5
1061,32
1063,34.9
1065,35.9
1067,29.1
1069,30.4
1071,34.9
1073,27.9
1075,37.5
1077,34.1
1079,39.4
1081,26.7
1083,32.5
1085,33.4
1087,25
1089,21.9
1091,37.4
1093,32.9
1095,30.5
1097,31.9
1099,34.4
1101,24.3
1103,30.3
1105,30.4
1107,37.8
1109,30
1111,32
1113,33
1115,34.6
1117,23
1119,31.1
1121,34.4
1123,32.9
1125,28.4
1127,34.7
1129,43.6
1131,30.3
1133,34.3
2000,27.9
2010,
2013,49
2016,34.4
2020,24.2
2050,38.6
2060,34
2068,30.4
2070,33.9
2090,25.5
2100,31.1
2105,
2110,22
2122,31.8
2130,29.7
2150,31.3
2158,41.2
2160,
2164,39.2
2170,31.3
2180,38.1
2185,35.1
2188,40.4
2195,
2198,
2201,41.1
2220,25.3
2230,
2231,
2232,30.5
2240,35.1
2250,
2261,29.9
2275,
2280,36.5
2282,33.3
2290,39.4
4000,24.3
4001,24.9
4003,24.6
4005,21.6
4007,28.7
4009,30.1
4011,35.1
4012,33.9
4013,23.1
4015,34.9
4017,27.7
4019,23.3
4021,30.4
4023,22.8
4025,28.2
4027,25.7
5000,34.1
5001,39.8
5003,43.2
5005,37.5
5007,32.8
5009,35
5011,36.8
5013,43.5
5015,34
5017,35.3
5019,32.4
5021,37.8
5023,36.4
5025,43.4
5027,35.8
5029,41.4
5031,32.8
5033,36
5035,33.1
5037,38.2
5039,41.1
5041,36
5043,34.3
5045,31.3
5047,35.4
5049,39
5051,32.8
5053,42.3
5055,40.6
5057,38.3
5059,39.7
5061,37.9
5063,39.7
5065,36.5
5067,38.3
5069,34.8
5071,36.7
5073,36
5075,36.7
5077,29.6
5079,37.8
5081,38.2
5083,38.4
5085,35.7
5087,38.9
5089,38.3
5091,35.8
5093,32.1
5095,38.2
5097,39.2
5099,39.2
5101,37.8
5103,34.9
5105,41.4
5107,26.5
5109,39.2
5111,39.5
5113,36.2
5115,33.5
5117,38.8
5119,27.1
5121,38.4
5123,32.8
5125,37.7
5127,37.2
5129,40.6
5131,31.2
5133,33.8
5135,38.3
5137,38.5
5139,35.5
5141,36.8
5143,30.5
5145,35.7
5147,36.7
5149,35.7
6000,20.1
6001,19
6003,26
6005,30.2
6007,24.3
6009,28.6
6011,24.1
6013,19.8
6015,27.5
6017,22.2
6019,21.1
6021,26.8
6023,25.7
6025,22
6027,31.3
6029,25.4
6031,28.9
6033,29.8
6035,30.9
6037,18.8
6039,25.3
6041,12.4
6043,26.3
6045,26
6047,23.9
6049,29.4
6051,20.7
6053,18.6
6055,20.5
6057,23.8
6059,17.5
6061,21.3
6063,27.7
6065,24.7
6067,22.9
6069,23.2
6071,25
6073,19.9
6075,13.9
6077,25.2
6079,21.8
6081,17.5
6083,19
6085,15.9
6087,16.6
6089,27.6
6091,28.7
6093,28.2
6095,24.5
6097,20.4
6099,26.1
6101,23.6
6103,30.8
6105,29.6
6107,22.9
6109,29.7
6111,19.7
6113,19.8
6115,27.2
8000,23.2
8001,30.8
8003,27.1
8005,20.5
8007,26.8
8009,34.3
8011,35.1
8013,15.1
8014,
8015,29.9
8017,34.8
8019,21.5
8021,33.8
8023,27.3
8025,34.5
8027,28.1
8029,34
8031,20
8033,33.3
8035,13.1
8037,16.5
8039,27.4
8041,22.9
8043,36.7
8045,26.9
8047,25.6
8049,24
8051,17.8
8053,20.7
8055,32.4
8057,36.1
8059,22.6
8061,35.5
8063,31.6
8065,27.3
8067,23.1
8069,21.3
8071,27.2
8073,35
8075,32
8077,30.3
8079,28.4
8081,33.5
8083,33.1
8085,33.4
8087,31
8089,30.7
8091,21.6
8093,26.7
8095,32.1
8097,10.9
8099,28.9
8101,31
8103,32
8105,30
8107,17.7
8109,24.8
8111,14.5
8113,15.1
8115,35.5
8117,17.7
8119,23.5
8121,33.6
8123,26.9
8125,33.8
9000,28.5
9001,23.5
9003,28.6
9005,31.4
9007,28.6
9009,30.8
9011,32
9013,29
9015,35.7
10000,31.4
10001,32.9
10003,29.6
10005,35.6
11000,20.6
11001,20.6
12000,28.7
12001,20.3
12003,41.4
12005,30.6
12007,40.1
12009,28.9
12011,28.4
12013,38.6
12015,35.7
12017,38
12019,31.7
12021,26.2
12023,34.9
12027,35.3
12029,39.4
12031,29.1
12033,28.3
12035,31.9
12037,36.4
12039,35.9
12041,36.1
12043,36.8
12045,37.1
12047,35.1
12049,31.5
12051,29.1
12053,37.7
12055,34.6
12057,26.7
12059,37.8
12061,29.1
12063,32.7
12065,32.2
12067,40.1
12069,34.3
12071,32.5
12073,18.9
12075,38.2
12077,40.4
12079,34.2
12081,31.9
12083,35.9
12085,28.3
12086,22.3
12087,28.9
12089,34.4
12091,27.1
12093,33.9
12095,25.8
12097,33.9
12099,26.9
12101,36.8
12103,29.7
12105,33.7
12107,37.3
12109,24.5
12111,32.7
12113,29.2
12115,30.1
12117,24.4
12119,38.8
12121,38.8
12123,40.9
12125,38.9
12127,32.3
12129,34.9
12131,32.3
12133,38.8
13000,28.7
13001,37.2
13003,36
13005,44
13007,40.4
13009,35.4
13011,38.3
13013,36
13015,34.2
13017,37.2
13019,34.6
13021,31.7
13023,35.8
13025,47.4
13027,37.1
13029,32.8
13031,29.7
13033,37
13035,39.9
13037,33.8
13039,33.2
13043,29.3
13045,34.2
13047,34.8
13049,42.1
13051,26.9
13053,23.1
13055,34.6
13057,27.3
13059,21.6
13061,35.5
13063,31.9
13065,32.4
13067,20.8
13069,33
13071,35.8
13073,25.8
13075,36
13077,32.8
13079,39.6
13081,34.5
13083,30.4
13085,33.2
13087,33.5
13089,20.3
13091,36.6
13093,37.8
13095,28.3
13097,34.6
13099,33.5
13101,35.6
13103,40.4
13105,39.2
13107,35.2
13109,39.2
13111,38.9
13113,24
13115,33.2
13117,23.5
13119,37.5
13121,19.4
13123,33.3
13125,40.3
13127,29.3
13129,34.1
13131,39.7
13133,33.3
13135,22
13137,33.7
13139,29.6
13141,34.5
13143,36.1
13145,29.4
13147,36.9
13149,41.7
13151,34.3
13153,32.4
13155,38.5
13157,35.5
13159,37.2
13161,35.4
13163,34
13165,32.9
13167,39.4
13169,41
13171,37
13173,34.2
13175,37.1
13177,35.9
13179,34.2
13181,36.3
13183,41.6
13185,30.6
13187,30.4
13189,35.2
13191,37.8
13193,35.2
13195,40.8
13197,36.1
13199,35.7
13201,35.9
13205,35.4
13207,38.7
13209,39.4
13211,37.1
13213,35.4
13215,28.2
13217,34.7
13219,23.4
13221,37.4
13223,39.1
13225,33.2
13227,33.1
13229,41.2
13231,40.1
13233,35.1
13235,36.2
13237,40.5
13239,34.1
13241,35
13243,32.5
13245,29.6
13247,29.4
13249,40.1
13251,38.6
13253,36.8
13255,34.7
13257,35.9
13259,37.1
13261,30.2
13263,40.3
13265,32.6
13267,39.2
13269,39
13271,40.1
13273,32.8
13275,33.6
13277,30.3
13279,35
13281,33.4
13283,39.7
13285,33.7
13287,38.7
13289,40.7
13291,35.1
13293,37.2
13295,35
13297,35.6
13299,38.8
13301,34.7
13303,38.8
13305,37.1
13307,33.9
13309,41.8
13311,35.1
13313,29
13315,43.7
13317,35.9
13319,41.4
13321,38.1
15000,28.5
15001,31.4
15003,27.8
15005,19.7
15007,29.7
15009,29.5
16000,28.5
16001,23.1
16003,37.4
16005,25.9
16007,42.1
16009,41.2
16011,31.1
16013,15.9
16015,32.5
16017,33.5
16019,26.5
16021,35.9
16023,33
16025,31.4
16027,30.3
16029,34.2
16031,29.8
16033,24.5
16035,37.3
16037,37.5
16039,25
16041,40
16043,34.6
16045,35
16047,34.7
16049,38.3
16051,29.4
16053,26.8
16055,30.3
16057,22.6
16059,31.3
16061,34.7
16063,32.8
16065,22.3
16067,32.7
16069,31.8
16071,31.8
16073,34.6
16075,32
16077,32.8
16079,40.3
16081,22.6
16083,30.4
16085,29.1
16087,35.5
17000,27.7
17001,37.5
17003,34.7
17005,34.2
17007,38.2
17009,28.8
17011,39
17013,44.6
17015,44
17017,44.3
17019,24.2
17021,43.6
17023,39.3
17025,38.3
17027,35
17029,32.6
17031,24.2
17033,37
17035,43
17037,29.9
17039,43.6
17041,39.6
17043,20.6
17045,41.8
17047,38.9
17049,38.1
17051,40.9
17053,42
17055,34.4
17057,38
17059,36.9
17061,43.8
17063,38.9
17065,31.9
17067,41.4
17069,29.1
17071,46.3
17073,37.2
17075,40.6
17077,24.9
17079,40.6
17081,32.9
17083,39.3
17085,41.6
17087,27.8
17089,25
17091,35.8
17093,30.1
17095,36.7
17097,21.4
17099,38.6
17101,41.8
17103,36.7
17105,41.2
17107,40.4
17109,33.4
17111,28.4
17113,28.2
17115,38
17117,41.6
17119,34
17121,35.9
17123,40.2
17125,42.1
17127,34.8
17129,38.3
17131,43.6
17133,32.6
17135,40.9
17137,37.1
17139,38
17141,36.4
17143,29.5
17145,34.3
17147,37.2
17149,43.8
17151,33.1
17153,31.7
17155,38
17157,37.3
17159,32.8
17161,34
17163,29.1
17165,30.2
17167,31
17169,46.2
17171,46.6
17173,43.9
17175,39.1
17177,38.3
17179,34.4
17181,31
17183,38.4
17185,30.9
17187,39.5
17189,34.9
17191,34.7
17193,35.6
17195,37.8
17197,29.1
17199,32.3
17201,32.8
17203,35.3
18000,37.2
18001,45
18003,31.9
18005,36.2
18007,48.1
18009,49.5
18011,37.8
18013,38.9
18015,47.6
18017,45.5
18019,36.5
18021,45.6
18023,50.3
18025,45.2
18027,39.9
18029,41.2
18031,47.5
18033,45.9
18035,37.2
18037,44.4
18039,37
18041,46.5
18043,33.1
18045,47.5
18047,44.2
18049,49.2
18051,41
18053,41.9
18055,43.4
18057,19.8
18059,37.4
18061,41
18063,37.2
18065,44.4
18067,38
18069,46.7
18071,46.7
18073,46.4
18075,49.5
18077,40.2
18079,46.9
18081,36.2
18083,37.2
18085,42.1
18087,33.9
18089,37.3
18091,41
18093,46.3
18095,40
18097,29.6
18099,41.1
18101,42.3
18103,46.2
18105,26.2
18107,46.9
18109,45
18111,49.8
18113,43.7
18115,44.7
18117,45.3
18119,43.4
18121,45.6
18123,45.5
18125,45.5
18127,38
18129,41.8
18131,45.1
18133,48.2
18135,47.5
18137,46.8
18139,50.9
18141,32.5
18143,42.5
18145,44.7
18147,42.8
18149,43.4
18151,43
18153,44.4
18155,44.4
18157,30.5
18159,48.4
18161,45.6
18163,35.7
18165,45.2
18167,34.8
18169,46
18171,46.7
18173,33.6
18175,44.1
18177,39.5
18179,46.5
18181,47.7
18183,45.4
19000,36.1
19001,48.4
19003,41.4
19005,44.3
19007,41.2
19009,44.8
19011,43.4
19013,35.1
19015,38.2
19017,37.6
19019,43.6
19021,36.2
19023,41.4
19025,38.1
19027,39.8
19029,40.4
19031,41.9
19033,33.3
19035,42.7
19037,45.3
19039,43
19041,36.8
19043,45.6
19045,41.5
19047,42.8
19049,32.7
19051,41.4
19053,41.5
19055,47.2
19057,39.3
19059,35.3
19061,40.2
19063,36
19065,43.7
19067,40.9
19069,38.6
19071,42.4
19073,42.3
19075,38.3
19077,44.9
19079,40.4
19081,38.6
19083,37
19085,44.1
19087,39.7
19089,43
19091,38.4
19093,43.2
19095,42.1
19097,44.7
19099,44.8
19101,31.4
19103,19.8
19105,42.3
19107,46.3
19109,38.9
19111,42.7
19113,30.3
19115,41
19117,44.5
19119,38.3
19121,41
19123,41.2
19125,40.6
19127,37.2
19129,36.6
19131,44.5
19133,42.9
19135,44.3
19137,40.7
19139,34.5
19141,39
19143,37.6
19145,39.3
19147,35
19149,39.1
19151,39.9
19153,29.5
19155,39.3
19157,42.5
19159,44.4
19161,43
19163,30.7
19165,45.9
19167,33.6
19169,21.3
19171,40.8
19173,46.6
19175,43.2
19177,46.3
19179,39.9
19181,37.8
19183,39.1
19185,45.9
19187,36.8
19189,38
19191,37.3
19193,35
19195,39.6
19197,39.1
20000,29.8
20001,35.8
20003,42.3
20005,41.5
20007,32.8
20009,31.4
20011,31.7
20013,39.1
20015,32.3
20017,39.7
20019,40.8
20021,38.9
20023,35.7
20025,27.6
20027,39.5
20029,38.1
20031,40.6
20033,37.2
20035,31.1
20037,30.7
20039,40
20041,39.3
20043,36.7
20045,22.3
20047,32.3
20049,41.5
20051,29.9
20053,35.5
20055,24.9
20057,23.1
20059,39.5
20061,30
20063,35.2
20065,34.1
20067,28
20069,25.8
20071,29.3
20073,38.6
20075,30.3
20077,39.1
20079,30.1
20081,25.4
20083,30.7
20085,45.9
20087,42.5
20089,39.5
20091,17.5
20093,27.7
20095,33.7
20097,30
20099,31.9
20101,34.1
20103,33.9
20105,35.6
20107,39.5
20109,38.7
20111,31.9
20113,32.1
20115,38.6
20117,45.7
20119,28.5
20121,36.7
20123,36.2
20125,30.2
20127,40.8
20129,34.5
20131,46.2
20133,35.1
20135,36.5
20137,37.6
20139,42.3
20141,40.3
20143,37.9
20145,29.8
20147,36.8
20149,37.4
20151,27.7
20153,34.5
20155,30.6
20157,41.4
20159,33.6
20161,22.5
20163,41.5
20165,32.5
20167,35.8
20169,34.5
20171,28.9
20173,29.3
20175,26.9
20177,33.6
20179,36.6
20181,35.9
20183,38
20185,29.1
20187,31
20189,32
20191,37.8
20193,30.3
20195,37.6
20197,45.5
20199,36.7
20201,38.1
20203,32.9
20205,37.2
20207,40.2
20209,34.3
21000,33.6
21001,31.1
21003,39.2
21005,43
21007,40.4
21009,40.4
21011,34.5
21013,33.2
21015,32.8
21017,38.7
21019,35.3
21021,34.3
21023,40.6
21025,31.2
21027,44.2
21029,41.1
21031,40.4
21033,41.2
21035,30.3
21037,34.8
21039,39.5
21041,37.6
21043,37.3
21045,36.8
21047,33.4
21049,36.3
21051,29
21053,31.6
21055,40.2
21057,36.4
21059,37.6
21061,40.1
21063,31
21065,37.3
21067,22.4
21069,37.9
21071,29.9
21073,31.4
21075,39
21077,44.4
21079,35.7
21081,44.2
21083,38.9
21085,37.1
21087,36.2
21089,37.8
21091,45.7
21093,34.3
21095,34.3
21097,42.6
21099,35.1
21101,37.8
21103,44.5
21105,39.1
21107,38.3
21109,33.4
21111,29.1
21113,32.3
21115,35.1
21117,32.6
21119,30.8
21121,32.6
21123,40.2
21125,34.8
21127,33
21129,30.8
21131,30.1
21133,32.9
21135,34.8
21137,40.8
21139,40.8
21141,39.5
21143,36.5
21145,33.3
21147,31
21149,38.6
21151,29.7
21153,28.2
21155,43.9
21157,38
21159,29.7
21161,35.8
21163,39.9
21165,39.3
21167,41.6
21169,37.6
21171,34.6
21173,39.3
21175,32.7
21177,40.7
21179,43.1
21181,37.6
21183,41.4
21185,26.5
21187,41.2
21189,28
21191,46.9
21193,31.4
21195,34.3
21197,36.5
21199,34.8
21201,36.4
21203,37
21205,29
21207,34.4
21209,33.3
21211,34.5
21213,41
21215,40.3
21217,36.1
21219,36.7
21221,36.7
21223,40.9
21225,42.9
21227,31.3
21229,38.5
21231,35.8
21233,43.5
21235,31.5
21237,30.8
21239,29.5
22000,32.4
22001,38
22003,38
22005,41.7
22007,36.9
22009,37
22011,39.5
22013,41.3
22015,32.5
22017,32.2
22019,34.6
22021,38.6
22023,42.8
22025,36.7
22027,35.2
22029,34.5
22031,40.6
22033,26.4
22035,31.2
22037,39.5
22039,30.6
22041,36.5
22043,41.6
22045,38.5
22047,38.9
22049,39.7
22051,30
22053,41.2
22055,29
22057,38
22059,38.5
22061,24.7
22063,43.2
22065,33.7
22067,38.8
22069,32.1
22071,23.4
22073,30
22075,34.2
22077,39.1
22079,33.8
22081,41.8
22083,32.1
22085,40.9
22087,37.9
22089,36.1
22091,39.5
22093,45.2
22095,38.9
22097,33.3
22099,37.8
22101,38.3
22103,26.5
22105,34.3
22107,31.5
22109,35.8
22111,40.1
22113,38
22115,36.4
22117,40.2
22119,35.9
22121,40.6
22123,34.8
22125,24
22127,40
23000,36.2
23001,40.2
23003,38.5
23005,28.2
23007,41
23009,34.4
23011,37.7
23013,36.4
23015,35.1
23017,43
23019,38.4
23021,43.7
23023,35.8
23025,45.3
23027,38.8
23029,41.9
23031,35
24000,26.7
24001,42.4
24003,27.9
24005,27.6
24009,34.4
24011,42
24013,33.3
24015,37.9
24017,33.4
24019,42.1
24021,30.1
24023,43.6
24025,28.2
24027,16.2
24029,35.9
24031,14.5
24033,27.3
24035,30.2
24037,35
24039,36.8
24041,30.7
24043,38.9
24045,34.4
24047,34.1
24510,28.2
25000,27.3
25001,27.2
25003,34.1
25005,29.6
25007,23.2
25009,28.1
25011,31.2
25013,32.6
25015,25.8
25017,23.4
25019,27.8
25021,24.2
25023,30.7
25025,25.7
25027,30.2
26000,31.3
26001,41.9
26003,42.3
26005,39.1
26007,35.7
26009,37.1
26011,42.2
26013,39
26015,39.3
26017,37
26019,36.4
26021,31.9
26023,40.8
26025,35.6
26027,37.6
26029,35.1
26031,40.6
26033,35.9
26035,40.4
26037,32.9
26039,37.6
26041,35.8
26043,44.4
26045,30.4
26047,31.3
26049,33.4
26051,41.6
26053,38.5
26055,27.9
26057,42.1
26059,43
26061,36
26063,42.9
26065,23.4
26067,40.4
26069,40.2
26071,45.6
26073,33.9
26075,32.9
26077,25.9
26079,44.6
26081,28.3
26083,37.2
26085,39.8
26087,38.5
26089,26.5
26091,38.5
26093,28.3
26095,37.4
26097,41.3
26099,32.8
26101,39.5
26103,35.3
26105,35.5
26107,36.5
26109,46.4
26111,30
26113,42.6
26115,37.3
26117,39.9
26119,41.8
26121,35.5
26123,40.4
26125,22.1
26127,39.4
26129,39.9
26131,43.5
26133,43.8
26135,40.5
26137,36.4
26139,31.1
26141,38.4
26143,39.2
26145,36.2
26147,37.2
26149,38.3
26151,43.9
26153,43.9
26155,38.4
26157,41.8
26159,35.9
26161,17.1
26163,30.6
26165,38.7
27000,28.8
27001,39.6
27003,32.4
27005,34.7
27007,28.6
27009,34.8
27011,40.2
27013,28.1
27015,38.5
27017,37.4
27019,26.6
27021,36.5
27023,37.6
27025,37.1
27027,28.2
27029,35.3
27031,28.5
27033,37.2
27035,33.6
27037,23.5
27039,35.9
27041,33.1
27043,40.8
27045,36.9
27047,37.7
27049,36.5
27051,35.4
27053,21.2
27055,34.7
27057,34.4
27059,38.4
27061,33.3
27063,38
27065,42.2
27067,31.1
27069,34.5
27071,37.5
27073,37.7
27075,37.5
27077,37.4
27079,38.3
27081,38.5
27083,32.5
27085,37.3
27087,34.1
27089,37
27091,37.9
27093,38.3
27095,40.4
27097,38.7
27099,35.3
27101,37.8
27103,27.7
27105,34.3
27107,34.9
27109,24
27111,33.2
27113,31
27115,40.9
27117,36
27119,31.7
27121,33.5
27123,25.3
27125,38.2
27127,37
27129,37.9
27131,33
27133,35.7
27135,37.7
27137,31.8
27139,28.4
27141,32.5
27143,40.1
27145,33.4
27147,35.9
27149,34.1
27151,35.1
27153,41.2
27155,39.6
27157,37.5
27159,36.9
27161,38.5
27163,26
27165,39
27167,32.5
27169,30.2
27171,36.8
27173,35.4
28000,29.4
28001,31.7
28003,34.8
28005,35.6
28007,29.8
28009,32.2
28011,24.3
28013,34.6
28015,34.7
28017,30.4
28019,32.7
28021,25.3
28023,36.8
28025,31.7
28027,21.5
28029,30.2
28031,31.9
28033,34.1
28035,27.9
28037,33.8
28039,38.7
28041,38
28043,27.6
28045,29.3
28047,28.4
28049,21.9
28051,26.7
28053,21.6
28055,31.2
28057,31.5
28059,32.1
28061,34.5
28063,28.1
28065,34.9
28067,32.2
28069,28.3
28071,22.7
28073,27
28075,28.1
28077,34.2
28079,31.8
28081,28.2
28083,25.7
28085,31.6
28087,29.8
28089,18.3
28091,33.4
28093,32.5
28095,32.4
28097,32
28099,31.7
28101,33.4
28103,30.6
28105,21.7
28107,29.5
28109,31.2
28111,38.1
28113,32
28115,33.8
28117,31.3
28119,25
28121,27.4
28123,32
28125,28.8
28127,35.3
28129,38.3
28131,30.2
28133,25.6
28135,24.2
28137,32.5
28139,35.9
28141,36
28143,30.2
28145,33.7
28147,34
28149,26.5
28151,28.7
28153,34.8
28155,33.9
28157,33.1
28159,33.3
28161,37.6
28163,31
29000,32.7
29001,33.5
29003,41.5
29005,39.2
29007,42.9
29009,41
29011,43
29013,45.4
29015,38.7
29017,46.5
29019,23.3
29021,38
29023,34.3
29025,46.2
29027,37.1
29029,37.3
29031,33.3
29033,46.4
29035,35.3
29037,37.7
29039,43.9
29041,48.2
29043,34.1
29045,45.2
29047,32
29049,42.5
29051,32
29053,43.8
29055,39.2
29057,45.4
29059,41.5
29061,42.4
29063,41.2
29065,35.9
29067,38.8
29069,37.4
29071,35.6
29073,40.2
29075,45.6
29077,30.9
29079,39.4
29081,47.9
29083,43.9
29085,42.2
29087,49.5
29089,43
29091,38.9
29093,35.1
29095,30
29097,35.4
29099,36.3
29101,32.5
29103,46.6
29105,41.1
29107,42.3
29109,41.5
29111,44.5
29113,42.8
29115,49
29117,45.7
29119,38.5
29121,44.8
29123,39
29125,42.2
29127,40.8
29129,46.5
29131,40.2
29133,37.8
29135,43.9
29137,46.6
29139,41.5
29141,40.6
29143,39.6
29145,34.3
29147,41.2
29149,44.3
29151,44.1
29153,43.1
29155,33.8
29157,44.4
29159,33.8
29161,32.9
29163,44.1
29165,26.5
29167,39.7
29169,33.6
29171,44.8
29173,46.4
29175,38.3
29177,45.9
29179,39.7
29181,33.1
29183,29.6
29185,45.7
29186,42.9
29187,34.7
29189,24
29195,38.3
29197,46.6
29199,44.6
29201,42.7
29203,43.1
29205,47.4
29207,38.9
29209,38.8
29211,44.8
29213,37.8
29215,39.7
29217,39.9
29219,40.3
29221,35.4
29223,34.3
29225,39.8
29227,45.6
29229,40.7
29510,27.5
30000,31.3
30001,29.1
30003,30.2
30005,28
30007,39.7
30009,36
30011,35.8
30013,33.3
30015,30.4
30017,29.8
30019,36.3
30021,30.5
30023,43
30025,43.4
30027,36.8
30029,30.6
30031,21.2
30033,38.8
30035,27.3
30037,28.8
30039,34.9
30041,32.1
30043,31.2
30045,30.4
30047,31.8
30049,29.3
30051,25
30053,38
30055,38.2
30057,32.6
30059,37.2
30061,43.7
30063,26.5
30065,38.1
30067,32.3
30069,35.7
30071,35.5
30073,34.9
30075,31.4
30077,38.9
30079,32.3
30081,31.5
30083,35.4
30085,32.4
30087,36
30089,37.2
30091,31.5
30093,34.3
30095,39.1
30097,35.4
30099,31.8
30101,35.1
30103,41.1
30105,39.7
30107,30.8
30109,34.8
30111,31
30113,
31000,31.3
31001,33.2
31003,39.9
31005,32
31007,33
31009,38.6
31011,41.8
31013,37.5
31015,42.9
31017,37.4
31019,26.6
31021,40.6
31023,41.6
31025,37
31027,40.2
31029,39.6
31031,31.4
31033,35.3
31035,37.4
31037,37
31039,40.5
31041,38.8
31043,36.2
31045,26.1
31047,35.5
31049,35.9
31051,39.5
31053,40.2
31055,26.2
31057,30.9
31059,42.7
31061,39.3
31063,34.6
31065,39.8
31067,38.9
31069,40.3
31071,36.6
31073,39
31075,31.2
31077,39.3
31079,35.5
31081,35.1
31083,37.9
31085,40.6
31087,37.7
31089,41.2
31091,41.1
31093,43.3
31095,40.6
31097,43.4
31099,35.4
31101,36.9
31103,36.1
31105,37
31107,39.6
31109,25.2
31111,33.4
31113,38
31115,42.7
31117,39.7
31119,33.8
31121,41.6
31123,35
31125,38.8
31127,33.2
31129,40
31131,39.5
31133,45.1
31135,34.8
31137,35.9
31139,42.2
31141,36.2
31143,40.1
31145,35
31147,42
31149,41.9
31151,39.4
31153,24.7
31155,38.4
31157,29.6
31159,31.9
31161,36.4
31163,40.8
31165,31.9
31167,38
31169,37.2
31171,32.2
31173,37.1
31175,38.1
31177,35.7
31179,31.2
31181,39.5
31183,37.3
31185,37.6
32000,29.3
32001,30.5
32003,29.9
32005,26.6
32007,30.5
32009,44.3
32011,31.7
32013,31.3
32015,36.8
32017,37.8
32019,32.9
32021,36.2
32023,41.2
32027,36.6
32029,29.7
32031,25.2
32033,34.8
32510,27.9
33000,30.1
33001,32.6
33003,32.2
33005,34.4
33007,41.6
33009,31
33011,27.5
33013,29.6
33015,28.6
33017,30.4
33019,38.5
34000,29.4
34001,34.6
34003,26.2
34005,31.1
34007,32.1
34009,36.3
34011,36.3
34013,27.2
34015,36.9
34017,26.8
34019,25.5
34021,25.6
34023,29
34025,27.4
34027,24
34029,37.7
34031,31.2
34033,39.2
34035,21.5
34037,33.4
34039,29.7
34041,35.4
35000,26.6
35001,24.8
35003,29
35005,26.4
35006,36.6
35007,34.2
35009,27.9
35011,30
35013,22.4
35015,34.3
35017,29.1
35019,37.5
35021,31.9
35023,36.9
35025,27.9
35027,28.2
35028,12.1
35029,29.9
35031,27.8
35033,31.7
35035,29.2
35037,36.8
35039,31.3
35041,23.7
35043,28.6
35045,30.5
35047,25.6
35049,19.7
35051,31.4
35053,29.1
35055,26.6
35057,33
35059,43.9
35061,32.3
36000,27.8
36001,27
36003,39.6
36005,25.8
36007,32.7
36009,41.2
36011,35.9
36013,36.5
36015,36.1
36017,39.9
36019,33.5
36021,32.7
36023,35.8
36025,37.4
36027,28
36029,29.9
36031,38.1
36033,33.8
36035,38.5
36037,38.1
36039,36.5
36041,37.3
36043,35.4
36045,36.3
36047,26.7
36049,48.1
36051,33.8
36053,33.2
36055,26.1
36057,39.2
36059,26.8
36061,13.5
36063,36.9
36065,32.6
36067,29.1
36069,31.6
36071,31.1
36073,39.7
36075,41.2
36077,34.7
36079,28.1
36081,27.7
36083,32.5
36085,33.6
36087,22.5
36089,37.7
36091,29
36093,30.9
36095,38.1
36097,39.9
36099,35.7
36101,37.3
36103,31.3
36105,33.9
36107,37.4
36109,22.3
36111,30
36113,33.6
36115,40.2
36117,36.2
36119,22.1
36121,38.9
36123,36.2
37000,28.4
37001,31.2
37003,35.5
37005,31.8
37007,38.4
37009,33.3
37011,31.8
37013,33.8
37015,36.7
37017,33.8
37019,33.2
37021,28.3
37023,30.4
37025,30.1
37027,32.1
37029,34
37031,29.6
37033,36.7
37035,31.3
37037,26.7
37039,34.8
37041,33.6
37043,33.8
37045,34.1
37047,33.7
37049,30
37051,28.4
37053,34.4
37055,27.6
37057,33.2
37059,34.7
37061,31.6
37063,19.2
37065,36.9
37067,27
37069,34.5
37071,29.6
37073,35.3
37075,36
37077,34.1
37079,34.7
37081,25.1
37083,33.1
37085,32.6
37087,32
37089,29.2
37091,30.9
37093,32.4
37095,36.3
37097,32.1
37099,25.7
37101,31.8
37103,36.4
37105,29.9
37107,31.3
37109,31.8
37111,36
37113,32.2
37115,31.8
37117,34.6
37119,19.9
37121,32.9
37123,32.1
37125,25.9
37127,33.9
37129,24.5
37131,31.4
37133,32.8
37135,15.9
37137,31.3
37139,30.3
37141,33.5
37143,33
37145,38.1
37147,25.2
37149,28.2
37151,35.6
37153,35.7
37155,30.7
37157,33.3
37159,33.5
37161,33.3
37163,35.3
37165,29.5
37167,35.9
37169,40.1
37171,29.5
37173,30.2
37175,30
37177,33.8
37179,30.8
37181,34.2
37183,17.8
37185,31.9
37187,37.4
37189,23.9
37191,32.5
37193,31.5
37195,31.7
37197,36.9
37199,36.9
38000,27.9
38001,35.4
38003,32.5
38005,30.2
38007,32
38009,29.7
38011,32.1
38013,34.9
38015,23.7
38017,22.9
38019,30.4
38021,31.9
38023,34.9
38025,32.2
38027,27.9
38029,30
38031,29.9
38033,34
38035,24.4
38037,33.1
38039,32.6
38041,32.6
38043,35
38045,33.8
38047,29.8
38049,34.9
38051,25.9
38053,32.5
38055,30.9
38057,31
38059,31.9
38061,29.6
38063,30.8
38065,35.3
38067,31.9
38069,29.9
38071,25.2
38073,35.6
38075,32.9
38077,27.4
38079,26.6
38081,35.2
38083,31.3
38085,32
38087,36.4
38089,27.8
38091,28.3
38093,33.9
38095,33.8
38097,25.9
38099,32.1
38101,28.9
38103,30.9
38105,31.8
39000,36.1
39001,44.4
39003,42.6
39005,47
39007,45.8
39009,34.2
39011,47.6
39013,46.3
39015,45.3
39017,33.6
39019,53
39021,48.1
39023,39.7
39025,35.4
39027,42.1
39029,47.6
39031,51.1
39033,49.4
39035,30
39037,50.4
39039,45.8
39041,24.9
39043,41
39045,38.4
39047,47.6
39049,27.1
39051,44
39053,41.7
39055,28.1
39057,29
39059,46.2
39061,27.8
39063,40.6
39065,50.4
39067,49.6
39069,49.9
39071,44.8
39073,46.2
39075,32.2
39077,48.8
39079,43.1
39081,46.5
39083,42.1
39085,34.4
39087,43.5
39089,40.7
39091,51.9
39093,36.8
39095,32.3
39097,41.7
39099,40.1
39101,45
39103,36.4
39105,46.6
39107,49.7
39109,39.8
39111,50
39113,30.4
39115,50.5
39117,47.3
39119,44.2
39121,47.8
39123,40.4
39125,52.5
39127,51.1
39129,42.8
39131,41.5
39133,39.9
39135,49.4
39137,47.7
39139,42.9
39141,42.2
39143,43.7
39145,39.9
39147,46.3
39149,45.3
39151,41.2
39153,33.6
39155,44.3
39157,48.2
39159,43.9
39161,51.7
39163,47.6
39165,31.2
39167,43
39169,42
39171,48.7
39173,34.8
39175,48.9
40000,31.5
40001,38.1
40003,40.8
40005,39.9
40007,36.3
40009,34.7
40011,41.2
40013,31.8
40015,40.5
40017,32
40019,36.8
40021,30.2
40023,36.7
40025,31.5
40027,26.7
40029,37
40031,31.5
40033,39.2
40035,40.7
40037,40
40039,31.4
40041,37
40043,40.8
40045,38.2
40047,35.6
40049,40.4
40051,38.3
40053,39.1
40055,36.3
40057,32.2
40059,36.3
40061,32.6
40063,39.1
40065,26.9
40067,37.4
40069,30.4
40071,33.2
40073,38.7
40075,36.2
40077,34.8
40079,35.1
40081,42
40083,34.6
40085,41.4
40087,36.8
40089,36.2
40091,34.2
40093,40.4
40095,34.3
40097,38.1
40099,35.8
40101,31.9
40103,40.1
40105,42.7
40107,39.7
40109,26
40111,35.3
40113,36.4
40115,34.6
40117,40.2
40119,26.7
40121,36.5
40123,31.7
40125,35.6
40127,35.4
40129,38.6
40131,32.8
40133,34.8
40135,34.9
40137,37.3
40139,28.6
40141,34.3
40143,26.5
40145,35.8
40147,32.1
40149,39.1
40151,31.9
40153,38.2
41000,26.3
41001,31.4
41003,15.4
41005,24.1
41007,29
41009,35.2
41011,30.7
41013,38.9
41015,32.1
41017,27.2
41019,34.7
41021,35.1
41023,37.3
41025,38.3
41027,26.6
41029,30.1
41031,31.7
41033,31
41035,34.1
41037,33.4
41039,25.9
41041,29
41043,33
41045,30.5
41047,26.3
41049,32.1
41051,23
41053,25.8
41055,32.9
41057,37
41059,29.6
41061,31
41063,36.7
41065,34
41067,20.1
41069,37.2
41071,30.8
42000,38.1
42001,43.8
42003,33.9
42005,51.1
42007,42.4
42009,50.7
42011,39.4
42013,49.9
42015,47.1
42017,32.2
42019,39
42021,47.4
42023,50
42025,47.9
42027,33.8
42029,26
42031,50.4
42033,51
42035,48
42037,46.4
42039,48.2
42041,35.8
42043,37.4
42045,33.1
42047,49.5
42049,41.7
42051,47.9
42053,53.2
42055,44.9
42057,48.3
42059,47.6
42061,47.3
42063,46.4
42065,51.4
42067,51.8
42069,40.6
42071,38.8
42073,45.7
42075,46.6
42077,35
42079,41.4
42081,41.9
42083,47.9
42085,45.2
42087,52.1
42089,38.7
42091,27.3
42093,42.1
42095,36.5
42097,50.2
42099,49.5
42101,33.3
42103,41.2
42105,47.2
42107,48.3
42109,46.3
42111,50.3
42113,45.6
42115,47.2
42117,44.6
42119,39
42121,49.5
42123,48.5
42125,42.6
42127,43.5
42129,41.2
42131,45.3
42133,41.6
44000,27.8
44001,23.5
44003,31.1
44005,24.1
44007,28.1
44009,26
45000,30
45001,35.9
45003,31.8
45005,31.2
45007,32.6
45009,28.3
45011,34.7
45013,24.2
45015,34.3
45017,35.4
45019,22.9
45021,36.7
45023,36.1
45025,34.5
45027,34.5
45029,37
45031,32.5
45033,33.6
45035,29.7
45037,35.4
45039,35.7
45041,30.9
45043,30.2
45045,26.3
45047,29.7
45049,37.8
45051,32.2
45053,35.9
45055,35.5
45057,35.7
45059,35
45061,35.1
45063,29.5
45065,30.5
45067,38.5
45069,35
45071,33.5
45073,33.2
45075,31.5
45077,30.8
45079,22.8
45081,38.6
45083,29.9
45085,29.6
45087,36.4
45089,35.1
45091,28.5
46000,32.9
46003,36
46005,34.8
46007,27.7
46009,36.2
46011,28.3
46013,31.6
46015,31.7
46017,33.6
46019,37.1
46021,33.3
46023,34.6
46025,39.8
46027,23.1
46029,38.1
46031,37.9
46033,33.2
46035,33.9
46037,38.3
46039,42.2
46041,32.2
46043,28.6
46045,33.3
46047,34.4
46049,34.1
46051,42.6
46053,38.9
46055,40.6
46057,42.7
46059,38.1
46061,36.2
46063,34.4
46065,27.5
46067,29.3
46069,36.7
46071,34.3
46073,40.6
46075,39.5
46077,41.9
46079,36.6
46081,31.7
46083,30.8
46085,40.8
46087,38.7
46089,27.5
46091,33.4
46093,33.7
46095,34.4
46097,40.5
46099,30.8
46101,36.5
46102,26.4
46103,29.3
46105,37.1
46107,37.3
46109,37.2
46111,38.9
46115,38.9
46117,34.9
46119,38.1
46121,31.3
46123,38.9
46125,37.2
46127,32.8
46129,36.8
46135,34
46137,35.7
47000,31.6
47001,32.9
47003,39
47005,42.4
47007,41.1
47009,34.5
47011,29.3
47013,35.5
47015,43.2
47017,38.4
47019,33.5
47021,37.1
47023,33.1
47025,34.5
47027,38.6
47029,38.1
47031,32.9
47033,37.3
47035,35.6
47037,24.6
47039,39.9
47041,37.5
47043,39.8
47045,33.6
47047,34.9
47049,37.1
47051,35.5
47053,39.3
47055,42.7
47057,37.1
47059,37.5
47061,35.5
47063,33
47065,27.2
47067,32
47069,38
47071,39
47073,39.6
47075,37.5
47077,39.8
47079,40.1
47081,37.4
47083,41.2
47085,43.2
47087,38.8
47089,35.7
47091,34.5
47093,27.2
47095,35.3
47097,38.2
47099,38.3
47101,40.2
47103,36.7
47105,33.2
47107,36.1
47109,40.2
47111,39
47113,30.8
47115,34.3
47117,41.2
47119,36.4
47121,36.7
47123,37.2
47125,30.5
47127,40
47129,40.9
47131,41.3
47133,37.9
47135,38.3
47137,39.4
47139,37.6
47141,32.1
47143,34.2
47145,36.1
47147,39
47149,31.8
47151,38.1
47153,38.5
47155,36.4
47157,26.2
47159,40.5
47161,42
47163,33
47165,32.1
47167,36.7
47169,35.2
47171,35.9
47173,35.5
47175,42.4
47177,39.3
47179,29
47181,38
47183,35.8
47185,39
47187,19.8
47189,33.9
48000,24.8
48001,28.2
48003,32.6
48005,29.3
48007,29.1
48009,36
48011,27.8
48013,32
48015,32.3
48017,31.5
48019,31.9
48021,31.7
48023,32.7
48025,34.8
48027,27.4
48029,24.3
48031,30.4
48033,32.9
48035,32
48037,31.8
48039,27.2
48041,20.1
48043,21.1
48045,30.4
48047,23.4
48049,35
48051,37.5
48053,32.5
48055,34.8
48057,33.1
48059,38.1
48061,20.1
48063,32.6
48065,31
48067,38.2
48069,29.7
48071,32.5
48073,32
48075,30.9
48077,39.6
48079,28.2
48081,34
48083,38.1
48085,15.1
48087,25.6
48089,33.3
48091,28.4
48093,34.6
48095,27.2
48097,31.5
48099,32.1
48101,30.6
48103,33
48105,29
48107,30.5
48109,27.6
48111,32.1
48113,21.7
48115,34.9
48117,26.5
48119,36.1
48121,19.9
48123,32.9
48125,38.5
48127,26.3
48129,26.5
48131,29.7
48133,33.5
48135,26.8
48137,29.3
48139,30.8
48141,22.5
48143,26.6
48145,34.1
48147,35.6
48149,35.8
48151,38.4
48153,31.1
48155,35.1
48157,19.4
48159,35.6
48161,37.7
48163,28.4
48165,26.4
48167,26.4
48169,38.4
48171,29.4
48173,24.2
48175,29.6
48177,33.7
48179,33.6
48181,30
48183,27.7
48185,32.8
48187,30.1
48189,28.7
48191,32.8
48193,33.1
48195,29.8
48197,33.3
48199,40.3
48201,21.6
48203,34.1
48205,33.9
48207,36.5
48209,22.9
48211,29.2
48213,32.3
48215,20.2
48217,33.3
48219,26.2
48221,29.6
48223,35.7
48225,34.7
48227,31.4
48229,20.6
48231,34.3
48233,34
48235,31
48237,36.6
48239,34.4
48241,39.6
48243,19
48245,33.1
48247,28.3
48249,32.4
48251,33.2
48253,34.6
48255,32.3
48257,33.8
48259,23.1
48261,21.8
48263,37
48265,29.2
48267,34.1
48269,25.9
48271,27.3
48273,23.1
48275,33.7
48277,33.2
48279,28.4
48281,30.5
48283,25.7
48285,36.7
48287,36.8
48289,37.9
48291,36.2
48293,29.9
48295,29.4
48297,28.3
48299,32.6
48301,37.3
48303,25.3
48305,27.9
48307,35
48309,27.9
48311,35.2
48313,43.9
48315,33.1
48317,31.4
48319,27.8
48321,31.2
48323,18.8
48325,33.4
48327,31
48329,22.9
48331,37
48333,36
48335,41
48337,35.4
48339,27.4
48341,28.5
48343,34.4
48345,33.6
48347,27.3
48349,32.7
48351,45.5
48353,32
48355,25
48357,27.4
48359,27
48361,38.7
48363,31.8
48365,34.8
48367,30.4
48369,25.4
48371,29.4
48373,36.5
48375,29.3
48377,19.9
48379,37.5
48381,23.4
48383,29.9
48385,28.2
48387,33.7
48389,24.9
48391,32.5
48393,28.6
48395,35.9
48397,22.9
48399,35.2
48401,33
48403,37.7
48405,38.6
48407,38.6
48409,29.8
48411,31.2
48413,20.5
48415,31.9
48417,32.6
48419,35.5
48421,26.9
48423,24.8
48425,32.3
48427,16.9
48429,29.3
48431,27.9
48433,37.9
48435,29.8
48437,31
48439,23.5
48441,28.4
48443,27.4
48445,31.9
48447,33.5
48449,29.4
48451,28.6
48453,17.3
48455,39.6
48457,41.4
48459,36.3
48461,34.1
48463,22.4
48465,24.8
48467,34.4
48469,29.1
48471,31.6
48473,31.4
48475,34.5
48477,28.5
48479,17.9
48481,29.3
48483,30.6
48485,29.8
48487,29.5
48489,24.4
48491,22.2
48493,34
48495,27.3
48497,34.8
48499,32.8
48501,26.5
48503,32.1
48505,27.7
48507,20.3
49000,24.6
49001,38.4
49003,31.4
49005,22.7
49007,31.4
49009,35.3
49011,23.3
49013,37.7
49015,35.3
49017,32.6
49019,26.8
49021,24.1
49023,35.4
49025,26.2
49027,30.6
49029,29.6
49031,36.7
49033,34
49035,24
49037,23.6
49039,29
49041,34.3
49043,17.2
49045,33
49047,36
49049,19.2
49051,25
49053,26.7
49055,26.3
49057,27.6
50000,32.4
50001,33.8
50003,33.1
50005,37.6
50007,23.5
50009,45.9
50011,41.1
50013,33.8
50015,30.6
50017,37.4
50019,40.8
50021,35.8
50023,31.5
50025,32.7
50027,32.3
51000,26
51001,34.1
51003,17.8
51005,39.2
51007,36.1
51009,33.4
51011,38.3
51013,11.7
51015,40.2
51017,39.1
51019,32.8
51021,38.1
51023,33.9
51025,31
51027,27.5
51029,38
51031,33.4
51033,37.7
51035,33.9
51036,34.6
51037,34.8
51041,24.8
51043,32.9
51045,40.8
51047,35.7
51049,33.6
51051,34.9
51053,37.9
51057,34.8
51059,13.9
51061,27.9
51063,38.2
51065,32.5
51067,32.6
51069,35.7
51071,40.8
51073,31.7
51075,29.4
51077,37.7
51079,34.7
51081,39.2
51083,33.8
51085,28.8
51087,23.7
51089,32.7
51091,38.3
51093,30.5
51095,20.9
51097,37.2
51099,32.4
51101,38.2
51103,27.9
51105,31.8
51107,17.7
51109,34.9
51111,31.6
51113,36.3
51115,33.8
51117,34.1
51119,29.9
51121,23.7
51125,26.6
51127,34.7
51131,29.2
51133,31
51135,31.8
51137,34
51139,39.7
51141,34.4
51143,35.2
51145,32.2
51147,28.4
51149,31.8
51153,24.9
51155,33.9
51157,30.1
51159,31.2
51161,27.8
51163,32.3
51165,35.3
51167,32.4
51169,36.3
51171,38.4
51173,34.4
51175,26.5
51177,31.6
51179,28
51181,32.9
51183,33.2
51185,32.5
51187,37.7
51191,31.2
51193,33.4
51195,29.9
51197,32.4
51199,21.1
51510,12.7
51515,32.4
51520,29.3
51530,34
51540,21.4
51550,27.8
51560,36.4
51570,34.4
51580,39.8
51590,30.7
51595,28.8
51600,19.5
51610,12.6
51620,27.5
51630,27.5
51640,28.6
51650,28
51660,23.6
51670,35.9
51678,17.3
51680,27.7
51683,23.9
51685,27.5
51690,29.3
51700,30.1
51710,29.6
51720,26.8
51730,30.3
51735,27.1
51740,29.4
51750,19.6
51760,23.6
51770,30.4
51775,32.2
51790,31.2
51800,29.6
51810,25.9
51820,33.8
51830,20.8
51840,26.7
53000,24.9
53001,26.2
53003,32.7
53005,24
53007,25.7
53009,27.8
53011,27
53013,30.5
53015,32.7
53017,29.5
53019,34.4
53021,23.8
53023,29.5
53025,27.8
53027,34.3
53029,24.3
53031,27.2
53033,19.2
53035,25.4
53037,31
53039,34.3
53041,32.9
53043,31.3
53045,32.5
53047,30.8
53049,31.5
53051,33.3
53053,29.8
53055,18.7
53057,26.3
53059,33.4
53061,25.9
53063,26.8
53065,35.5
53067,23.8
53069,32.2
53071,24.1
53073,27.6
53075,19.2
53077,27.4
54000,39.4
54001,46.2
54003,40.4
54005,41.1
54007,42.4
54009,43.7
54011,33.9
54013,39.7
54015,44.5
54017,41.3
54019,39.8
54021,36.9
54023,43
54025,41.3
54027,44.2
54029,47.6
54031,44.6
54033,40.4
54035,39.7
54037,34.7
54039,36.2
54041,44.1
54043,42.2
54045,34.8
54047,33.1
54049,39.6
54051,46.6
54053,46.2
54055,36.6
54057,46.4
54059,35.7
54061,30.5
54063,46.8
54065,46
54067,43.6
54069,36.1
54071,42.5
54073,49
54075,42.6
54077,47
54079,38.8
54081,36.2
54083,43
54085,43.6
54087,41.7
54089,40.2
54091,44.1
54093,48.5
54095,44.7
54097,44.5
54099,38.5
54101,36.4
54103,47.5
54105,45
54107,38.3
54109,41.8
55000,34.6
55001,41.9
55003,40.5
55005,39.5
55007,34.2
55009,34.9
55011,43.8
55013,42.7
55015,40.6
55017,41
55019,42.6
55021,39.7
55023,42.5
55025,22.3
55027,43.6
55029,38.6
55031,36.2
55033,36.9
55035,31.1
55037,44.3
55039,40.1
55041,42.7
55043,40
55045,40.3
55047,41.9
55049,41.8
55051,38.1
55053,41.7
55055,38.5
55057,43
55059,33.4
55061,47.5
55063,31.9
55065,46.6
55067,45.3
55069,41.4
55071,43
55073,38
55075,44.7
55077,41.4
55078,42.1
55079,29.4
55081,41.1
55083,45.1
55085,36.5
55087,37.8
55089,24.2
55091,42.9
55093,35
55095,41.1
55097,37.2
55099,43.4
55101,32.5
55103,40.8
55105,39.3
55107,43.4
55109,33.3
55111,37.8
55113,39.9
55115,45.8
55117,39.9
55119,44.4
55121,40.9
55123,38.5
55125,39.8
55127,33.5
55129,39.7
55131,35.1
55133,27.6
55135,43.6
55137,43.1
55139,37.4
55141,41
56000,31
56001,21.9
56003,34.1
56005,35.3
56007,35
56009,35.4
56011,38
56013,33.2
56015,33.4
56017,36.1
56019,30.9
56021,26.5
56023,34.8
56025,30.6
56027,38.9
56029,30.4
56031,38.5
56033,28.8
56035,35.3
56037,34.7
56039,18.9
56041,35.6
56043,33.8
56045,40.2
72000,22.3
72001,22.2
72003,21.5
72005,22.9
72007,22.9
72009,25.9
72011,25
72013,25.1
72015,27.7
72017,26.5
72019,22.8
72021,22
72023,19.5
72025,20.3
72027,19.5
72029,23.3
72031,23.8
72033,21.2
72035,25.1
72037,24.3
72039,22
72041,25.9
72043,25.5
72045,17.7
72047,21.4
72049,30.2
72051,23.6
72053,26.5
72054,24.8
72055,26
72057,27.5
72059,24.8
72061,16.5
72063,20.2
72065,19.8
72067,23.3
72069,26.6
72071,24.3
72073,25.9
72075,26.6
72077,22.4
72079,22.2
72081,17.7
72083,23.1
72085,24.8
72087,28.1
72089,22.6
72091,22.8
72093,22.9
72095,24.8
72097,21.6
72099,24.2
72101,21.8
72103,23.2
72105,21
72107,23.9
72109,25.1
72111,25.8
72113,23.9
72115,25
72117,24.5
72119,23.4
72121,26.2
72123,26.5
72125,24.2
72127,18.3
72129,20.5
72131,17.5
72133,29.9
72135,19.9
72137,24
72139,18.5
72141,20.8
72143,20.8
72145,20.6
72147,26.5
72149,25
72151,23.5
72153,22.2