id,rate,Unemployment_rate_2000
1001,5.1,4
1003,4.9,3.7
1005,8.6,5.5
1007,6.2,5.3
1009,5.1,3.5
1011,7.1,8.5
1013,6.7,7.8
1015,6.1,5.1
1017,5,4.4
1019,5,4.5
1021,5.2,4.3
1023,7.9,6.5
1025,11.1,7.3
1027,5.9,6.1
1029,5.5,4.1
1031,5.6,5.8
1033,6.5,5.5
1035,7.7,6.5
1037,5.7,5.4
1039,6.7,6.9
1041,5.7,5.7
1043,4.8,4.1
1045,5.6,5.2
1047,9.5,8
1049,5.7,4
1051,4.7,4
1053,6.3,5.2
1055,5.7,5.8
1057,6.6,5.8
1059,5.5,6.5
1061,5.4,5.1
1063,9.3,6.8
1065,7.6,6
1067,6.3,4.9
1069,5.6,4.4
1071,5.9,5.2
1073,5.5,4
1075,5.2,6.9
1077,6,5
1079,6.4,5
1081,4.9,4
1083,5,3.8
1085,10.3,6.9
1087,7.2,5.8
1089,4.9,3.5
1091,6.9,5.2
1093,6.1,6.7
1095,5.1,4.8
1097,6.5,4.9
1099,8.6,6.4
1101,5.6,4.2
1103,5.2,4.2
1105,10.9,9.2
1107,6.7,7.5
1109,6.4,5.5
1111,5.7,4.8
1113,5.3,4.6
1115,5,3.7
1117,4.2,2.7
1119,7.3,9.1
1121,6.4,5.2
1123,5.1,4.9
1125,5.5,3.9
1127,7.2,5.8
1129,8.3,6.8
1131,13.9,8.7
1133,7,7.8
2013,1.9,6.4
2016,2.2,8.7
2020,5,5.2
2050,14.1,5.1
2060,5.6,9
2068,3.2,6.4
2070,8.1,7.3
2090,4.9,7.4
2100,5.9,6.2
2105,7.3,8.1
2110,3.6,
2122,6.9,4.7
2130,4.4,8.3
2150,4.8,6.3
2158,21.7,8.4
2164,9.2,15.3
2170,7.4,5.2
2180,13.6,7.3
2185,6.9,9.7
2188,16.5,8.5
2195,5.7,9.1
2198,9.4,
2220,3,
2230,3,14.3
2240,8.7,4.8
2261,5.4,
2275,5.4,9.9
2282,5.8,12.4
2290,16.4,7.7
4001,11.8,
4003,6.5,9.8
4005,6.4,7
4007,7.6,11.6
4009,7.3,4
4011,7.7,9
4012,6.6,4.5
4013,4.9,4.4
4015,7,5.2
4017,8.5,5.4
4019,5.4,4.2
4021,5.9,6.3
4023,13,3.2
4025,5,4.4
4027,24.4,7.2
5001,3.2,3.7
5003,6.3,4.6
5005,4.1,8.2
5007,2.7,4
5009,3.3,16.4
5011,5.9,4.3
5013,5.1,4.6
5015,2.8,5.9
5017,6,4.2
5019,4.5,2.8
5021,5,4.2
5023,5.7,6.5
5025,4.4,5.5
5027,5.7,3.9
5029,5.9,7.4
5031,3.1,4.3
5033,3.7,5.4
5035,4.4,4.5
5037,3.9,5
5039,5,5.2
5041,5.1,6.1
5043,5.7,4
5045,3.7,3.6
5047,3.9,4.2
5049,3.9,4.7
5051,4,5.6
5053,3.2,8.2
5055,4,6
5057,3.7,3.6
5059,3.6,3.4
5061,3.4,3.9
5063,5,4.3
5065,5.3,4
5067,5.9,4.8
5069,5.9,4.6
5071,4.8,4.3
5073,6.2,4.3
5075,4.5,4.9
5077,4.5,4.7
5079,4.9,7.6
5081,5.1,5.8
5083,4.4,4.2
5085,3.2,6
5087,3,5.3
5089,3.8,7.5
5091,4.3,6.2
5093,7.1,4.6
5095,4.5,4.1
5097,4.6,3.3
5099,3.7,3.1
5101,3.6,3.9
5103,5.6,4.5
5105,4.4,7.8
5107,5.5,5.1
5109,3.8,4.1
5111,4.1,4.8
5113,4.7,4.3
5115,4.7,5.9
5117,3.7,5
5119,3.5,6.2
5121,4.6,4.2
5123,5,4.8
5125,3,4.1
5127,3.7,4.3
5129,4.3,4.4
5131,3.5,3.8
5133,4.8,5.3
5135,5.2,7
5137,4.8,3.3
5139,5.6,3.5
5141,6.4,5
5143,2.6,3.4
5145,4.8,3.8
5147,5.3,5.3
5149,4.4,4.4
6001,4.6,4.8
6003,7.3,5.4
6005,5.7,3
6007,6.6,4.8
6009,5.7,6.3
6011,10,4
6013,4.7,4.9
6015,7.3,3.6
6017,5.1,6.3
6019,8.7,5.2
6021,7.9,6.2
6023,5.1,5.6
6025,26.4,11.6
6027,4.9,3.6
6029,9.7,7.4
6031,8.9,4.1
6033,6.3,10.4
6035,6.1,8.5
6037,5.3,5.8
6039,8.2,17.5
6041,3.5,4.7
6043,5.4,8.3
6045,5,10
6047,9.2,7.3
6049,6.6,7.2
6051,5.2,5.4
6053,5.6,8.7
6055,4,2.9
6057,4.8,6.2
6059,4.3,5.6
6061,4.7,9.6
6063,7.1,7.5
6065,6.9,4.7
6067,5.7,7.4
6069,6.2,3.6
6071,6.2,4.2
6073,5,3.5
6075,3.5,3.6
6077,7.7,7.1
6079,4.5,5.4
6081,3.2,4.3
6083,4.8,6
6085,4,4.8
6087,5.7,3.9
6089,6.8,3.4
6091,6.6,7
6093,7.1,4
6095,5.7,2.9
6097,4.1,4.4
6099,7.9,3.1
6101,7.9,5.1
6103,7.4,6.1
6105,5.9,5.9
6107,10.6,7.5
6109,6.1,4.6
6111,5.7,3.4
6113,5.5,7.8
6115,8,9.4
8001,3.6,6.5
8003,4.3,9.8
8005,3.2,10.4
8007,3.1,5.9
8009,1.8,4.5
8011,3.1,5
8013,2.9,8
8014,3.1,2.8
8015,2.4,2.8
8017,2.7,3.6
8019,3.3,2.4
8021,4.9,3.2
8023,4.8,2.9
8025,3.6,3.9
8027,3,2.4
8029,4.7,2.4
8031,3.2,3.3
8033,4.1,2.6
8035,2.8,2.7
8037,2.5,5.1
8039,2.6,7.5
8041,3.9,5.4
8043,5.1,3.4
8045,3.3,3.7
8047,2.6,3
8049,2.3,5.6
8051,2.1,2.1
8053,2,2.4
8055,6.2,2.3
8057,2.3,2.9
8059,3.1,3.9
8061,2.1,2.7
8063,1.8,2.5
8065,2.6,2.5
8067,2.9,2.8
8069,2.9,2
8071,5,5.6
8073,2.5,2.8
8075,3.3,2.4
8077,5.3,3.1
8079,1.7,2.6
8081,3.6,3.4
8083,4.5,2.9
8085,3.9,2.5
8087,3.5,4.2
8089,4.6,2.8
8091,3.2,2.9
8093,2.7,3.3
8095,2.3,3.6
8097,2.7,3.6
8099,3.5,4.2
8101,4.9,3.7
8103,5.1,3
8105,5.1,4.4
8107,2.6,2.6
8109,5.9,2.6
8111,2.4,2.6
8113,2.4,2.8
8115,2.2,2.9
8117,2.1,4
8119,3.7,2.9
8121,2.1,4.5
8123,3.5,2.5
8125,2.2,5.6
9001,5.2,4.7
9003,6,3
9005,4.8,2.7
9007,4.8,2.3
9009,6.1,3
9011,5.4,2.6
9013,4.8,2.7
9015,5.8,2.6
10001,5.1,2.4
10003,4.5,2.1
10005,3.7,2.6
11001,6.5,2.1
12001,4.4,2.1
12003,4.7,2.6
12005,4.6,2.4
12007,4.2,1.9
12009,5.2,2.7
12011,4.6,3.7
12013,5.9,4
12015,5.3,3.6
12017,6.8,3.9
12019,4.4,5.6
12021,5.3,5.6
12023,4.8,3.7
12027,6.1,3
12029,5.3,3
12031,5.1,4.6
12033,5,3.8
12035,5.4,3.6
12037,4.1,3.6
12039,6.3,4.7
12041,5.1,3.7
12043,6.9,4.7
12045,4.3,3
12047,4.4,3.7
12049,7.2,3.9
12051,11.5,4.5
12053,6,4.5
12055,6.9,3.3
12057,4.5,4
12059,5.6,3.6
12061,6.6,3.9
12063,5.4,4
12065,5.3,3.6
12067,3.8,4.7
12069,4.7,6
12071,4.7,5.3
12073,4.7,5.9
12075,5.2,7.2
12077,5.4,4.4
12079,5.3,4.8
12081,4.6,3.3
12083,5.9,4.8
12085,5,5.1
12086,5.6,4.6
12087,3.1,3.7
12089,4.6,4.1
12091,3.9,3.6
12093,5.8,3.2
12095,4.3,3.1
12097,5,3.9
12099,5.1,4.2
12101,5.1,4.1
12103,4.3,3.2
12105,5.8,4.1
12107,6,4.2
12109,3.6,4.3
12111,6,2.9
12113,4.6,3.3
12115,4.5,3.7
12117,4.2,5.4
12119,6.7,3.1
12121,5.1,3.3
12123,5.5,4.2
12125,4.6,3.7
12127,5,3.3
12129,4.1,4.1
12131,4.1,4.3
12133,5,3
13001,6.9,5.8
13003,4.6,3.8
13005,5.2,3.2
13007,8.3,3
13009,7.2,4.3
13011,4.8,3.6
13013,4.6,4.9
13015,5,4.4
13017,8.1,3.4
13019,6.1,3.2
13021,5.7,3.5
13023,7.6,4.5
13025,6.6,3.6
13027,4.8,5.5
13029,4.8,5.4
13031,5.6,4.6
13033,7.5,4.3
13035,5.2,4.9
13037,6,3.1
13039,5.7,3
13043,4.7,3.7
13045,5.9,4.9
13047,4.8,4
13049,5.8,4.4
13051,5,4.3
13053,8.6,4.2
13055,6.1,4.7
13057,4.1,3.2
13059,5.4,3.9
13061,9.6,5.1
13063,6.4,4.6
13065,6,6.6
13067,4.4,3.7
13069,5.6,4.7
13071,5.3,3.8
13073,4.8,2.7
13075,5.2,4.2
13077,4.9,3.6
13079,5.5,8.3
13081,5.9,3.8
13083,5.1,2.6
13085,4.5,3.5
13087,6.5,5.6
13089,5.2,3.4
13091,7,5.4
13093,5.5,2.8
13095,6.8,4.7
13097,5.3,4.7
13099,6.7,2.9
13101,4.5,4.6
13103,4.7,3.3
13105,6.2,4
13107,7.4,4.7
13109,4.8,3
13111,5,2.7
13113,4.7,4.6
13115,5.9,3.3
13117,4.1,4.8
13119,5.5,4.8
13121,5.2,5.3
13123,5.4,3
13125,6.3,5.1
13127,5,3.5
13129,5.3,3.2
13131,5.4,5.3
13133,5.9,5.7
13135,4.6,4.4
13137,5,3.9
13139,4.4,2.7
13141,8.9,3.9
13143,5.6,2.4
13145,4.7,4
13147,5.3,3.5
13149,5.8,3.4
13151,5.4,4.1
13153,5.3,3.6
13155,7.3,3.4
13157,4.1,4.5
13159,4.7,4.5
13161,6.3,2.8
13163,7,3.5
13165,7.1,3
13167,6,7.9
13169,4.6,3.6
13171,6.4,3.2
13173,5.3,4
13175,6.4,4
13177,4.8,2.7
13179,5.7,3.4
13181,5.7,4.7
13183,5.6,3.2
13185,5.2,3.3
13187,5,4.7
13189,7.2,6.8
13191,5.5,5.4
13193,7.6,6.1
13195,4.7,3.9
13197,6.9,4.5
13199,6.8,5
13201,5.5,4.6
13205,6.3,3.5
13207,4.9,5.3
13209,7.1,5.8
13211,4.8,3.7
13213,6.6,4.5
13215,6.6,3
13217,5.8,4.5
13219,4,4.3
13221,4.5,6.7
13223,4.5,3.3
13225,6.4,4
13227,4.8,4.6
13229,5.3,4.2
13231,5.1,5.2
13233,5.7,3.7
13235,5.6,5.8
13237,6.8,3.5
13239,7.7,3.4
13241,5.4,4.8
13243,8.6,3.3
13245,6.5,2.6
13247,5.5,3.1
13249,6.4,2.7
13251,6.9,4.6
13253,7.5,3
13255,6.5,4.1
13257,5.9,3.7
13259,5.8,4.1
13261,7.4,4.1
13263,6.6,3.6
13265,6.6,6.4
13267,5.4,3.2
13269,7,6
13271,7.7,4.5
13273,6,3.1
13275,6.3,4.1
13277,5.6,5
13279,7.3,5
13281,6.3,4.3
13283,7.3,3.6
13285,5,5.5
13287,6.4,4.2
13289,8.2,5.5
13291,4.5,5.2
13293,6.2,5.8
13295,5.3,5.3
13297,4.7,7.8
13299,5.4,5.3
13301,7,4.3
13303,6.3,4.2
13305,6.6,6.6
13307,8.6,4.4
13309,8.5,7.9
13311,4.4,3.6
13313,5.7,5.6
13315,6.8,4.5
13317,6.7,4
13319,6,5.1
13321,5.8,3.6
15001,4.1,3.2
15003,3,5.1
15007,3.4,5.6
15009,3.4,4.8
16001,3.5,5
16003,4.9,3.8
16005,3.6,6.3
16007,3.4,3.6
16009,4.6,3.6
16011,3.7,4.8
16013,2.8,4.7
16015,4.9,4.3
16017,4.3,4.4
16019,3.2,4.2
16021,4.1,5
16023,3.7,4.1
16025,2.6,4.8
16027,4.4,3.9
16029,3.2,4.7
16031,2.9,3.4
16033,3.3,10
16035,5.9,4.7
16037,4.1,4.9
16039,4.2,11.1
16041,2.9,4.4
16043,3.2,3.6
16045,4.3,4.9
16047,3,7.7
16049,4.8,3.4
16051,3.1,7.7
16053,2.8,4.4
16055,4,3.7
16057,3.2,4.5
16059,4.8,5.1
16061,6.9,5
16063,3.6,5.3
16065,2.9,13.2
16067,3.1,5.6
16069,3.1,5.7
16071,3.1,3.2
16073,3.7,4.8
16075,4.1,5.1
16077,4.2,3.8
16079,5.9,8.4
16081,2,3.8
16083,3.4,4.4
16085,4.2,6.3
16087,5.3,4.3
17001,4.7,8
17003,9.5,6.5
17005,4.7,4.4
17007,5.8,3.5
17009,3.2,5.7
17011,5.8,5.2
17013,5.7,3.4
17015,4.8,3.9
17017,4.8,6.8
17019,5,5.8
17021,5.8,9.9
17023,5.5,3
17025,6.4,4.2
17027,4.1,6.7
17029,6,6.8
17031,5.7,4.3
17033,5.6,3.5
17035,5,7.2
17037,5,4.1
17039,5.6,4.5
17041,4.6,3.2
17043,4.4,4.6
17045,6.1,5.1
17047,5.2,5.4
17049,4.5,4.3
17051,6,3.2
17053,5.3,5
17055,8,4.6
17057,6.9,5.6
17059,7.6,3.5
17061,5.3,3.9
17063,5.9,4.8
17065,6.1,5.3
17067,6.9,4.5
17069,8.1,3.3
17071,5.8,5.1
17073,5.4,3.7
17075,4.9,3.3
17077,5.5,4.2
17079,6.2,4.9
17081,6.5,4.1
17083,5.5,5.8
17085,4.4,3.5
17087,8.3,6.4
17089,5.1,5.2
17091,6.1,5.7
17093,4.7,5
17095,5.6,5.2
17097,4.8,4.7
17099,6.2,4.2
17101,7.6,6.2
17103,4.8,3.8
17105,5.2,4.5
17107,5.1,4
17109,6.8,4.1
17111,4.6,4.7
17113,5.1,5
17115,6.6,4.2
17117,5.5,4
17119,6,5.8
17121,6.2,4
17123,5.9,4.3
17125,7.1,3.3
17127,7.4,4.5
17129,3.9,3.4
17131,5.3,5
17133,3.9,5.2
17135,6.3,4
17137,4.6,3.6
17139,4.5,3.7
17141,5.3,4
17143,6.6,3.6
17145,6.9,3.1
17147,4.8,4.9
17149,4.4,4.2
17151,6.8,4.1
17153,8.6,5.3
17155,5.2,3.8
17157,4.8,5.4
17159,5.8,4.9
17161,6,3.3
17163,6.2,5.2
17165,8.1,3.1
17167,4.6,5.3
17169,4.9,3.9
17171,4.3,3.9
17173,5.6,4
17175,6.7,4.2
17177,5.6,6.6
17179,6,3.4
17181,7.1,5
17183,7.1,6.2
17185,6.5,6.6
17187,5.2,4.7
17189,3.8,4.7
17191,8.4,5.7
17193,6.2,4.2
17195,5.8,4.7
17197,5.4,6.5
17199,6.2,3.4
17201,6.4,4.8
17203,4.9,4.5
18001,3.8,4.6
18003,4.3,5.6
18005,3.6,4.9
18007,4.3,3.8
18009,5.7,6.1
18011,3.6,5.5
18013,3.8,4.9
18015,4.4,4.2
18017,4.7,3.7
18019,4.4,5.5
18021,5,4.7
18023,4,3.9
18025,5.6,4.1
18027,3.6,5.7
18029,4.7,4.2
18031,3.6,3.2
18033,4.2,3.1
18035,5.5,2.8
18037,3.3,2.8
18039,4,2.7
18041,5.9,3
18043,4.4,4.4
18045,5.9,2.2
18047,4.2,3
18049,4.8,2.9
18051,3.8,3.1
18053,5.1,3.6
18055,6.6,4.2
18057,3.4,3
18059,4,4.9
18061,4.4,3.1
18063,3.6,3.4
18065,4.7,2.3
18067,4.8,3.1
18069,4.2,3.5
18071,4,2.3
18073,5.1,2.7
18075,4.7,4.5
18077,5,3.5
18079,4.8,3.2
18081,3.8,3.6
18083,4.5,4.1
18085,4,3.4
18087,3.7,4
18089,6.6,4.9
18091,6,1.9
18093,5.6,2.3
18095,4.9,3.4
18097,4.7,2
18099,3.9,4
18101,4.1,3.3
18103,4.8,3.1
18105,5.1,2.7
18107,4.1,3.5
18109,4.2,3.4
18111,5.3,3.4
18113,4.2,2.9
18115,4.9,2.2
18117,5.2,3.8
18119,5.4,2.5
18121,5.1,2.4
18123,4.9,3.9
18125,4.6,3.6
18127,5.3,4.1
18129,4.3,3.2
18131,4.6,2.8
18133,4.5,3.2
18135,4.5,3.5
18137,4.5,3.5
18139,4,2.8
18141,5,2.7
18143,4.9,2.5
18145,4,3
18147,4.2,2.9
18149,5.2,3.5
18151,3.8,4.5
18153,6.1,3.1
18155,5.3,3.6
18157,4.3,4.8
18159,3.8,3.6
18161,4.2,2.9
18163,4.4,3.1
18165,6.5,4.5
18167,5.7,3
18169,4.5,3.9
18171,5,2.6
18173,4.4,2.7
18175,4.6,3.3
18177,4.9,3.4
18179,3.6,2.7
18181,3.9,3.6
18183,4,4.9
19001,3.4,3.1
19003,2.9,5.4
19005,4.9,5
19007,5.7,2.7
19009,3.7,2.7
19011,4,3.2
19013,5.8,3.3
19015,3.4,4.8
19017,4.2,4.2
19019,4.6,3.1
19021,4.4,2.8
19023,4.5,3.4
19025,4.7,3.9
19027,3.1,3.7
19029,3,2.5
19031,3.8,3.1
19033,4.4,2.6
19035,4.1,2.6
19037,4.6,2.6
19039,3.4,3.8
19041,4.1,3.4
19043,4.2,4.3
19045,6.1,2.9
19047,5.2,2.3
19049,3.2,2.8
19051,5.3,2.1
19053,3.5,2.4
19055,3.7,2.8
19057,5.9,2.3
19059,3.5,3.2
19061,4,2.8
19063,4.2,2.2
19065,5,3.6
19067,3.9,2.2
19069,3.8,2.9
19071,4.1,2.3
19073,4.3,6.3
19075,3.7,3.1
19077,3.6,2.4
19079,4,3.4
19081,3,3.4
19083,4.2,2.5
19085,3.7,1.9
19087,4.4,3.2
19089,3.6,3.3
19091,3.2,2.8
19093,2.8,3.5
19095,3.2,2.7
19097,4.5,3.2
19099,4,2.8
19101,4.6,3.7
19103,3.2,3.7
19105,4.4,2.7
19107,5.1,2.3
19109,3,3.3
19111,8.1,2.3
19113,4.3,2.6
19115,4.5,2.5
19117,3.8,2.2
19119,2.3,3
19121,3.7,2.7
19123,4.3,2.9
19125,3.4,3.1
19127,4.9,2.5
19129,4,2.2
19131,3,2.1
19133,4.6,3.6
19135,5.4,2.5
19137,4.2,2.8
19139,4.4,1.8
19141,3,2.6
19143,3.1,3.2
19145,6.4,2.5
19147,3.9,4.4
19149,2.9,2.3
19151,3.4,2.9
19153,4.1,2.7
19155,3.8,2
19157,4,3.1
19159,3.7,2.3
19161,3,2.2
19163,5.4,2.7
19165,3.2,2
19167,2.4,2.7
19169,2.9,3.1
19171,4.2,3.1
19173,3.9,3.2
19175,4.4,2.7
19177,4.9,2.3
19179,7.4,2.4
19181,3.8,3.2
19183,3.5,2.3
19185,4.6,2.5
19187,4.7,2.7
19189,4.1,2.3
19191,3.6,2.3
19193,4.2,2.7
19195,3.5,2.9
19197,4.5,2.6
20001,6.9,3.2
20003,4.6,2.3
20005,7.4,1.9
20007,4.4,1.7
20009,5,3.3
20011,5.7,3.2
20013,4.2,3.3
20015,4.6,3.2
20017,4.6,3.5
20019,5.9,2.1
20021,5.2,2.2
20023,3.3,3
20025,3,3
20027,4.8,2
20029,5.1,2.5
20031,8.2,2.6
20033,3.2,2.9
20035,5.1,2.6
20037,5.4,3.6
20039,4.7,4.5
20041,4.7,4.1
20043,4.7,4.3
20045,4.1,2.7
20047,3.3,3.3
20049,6.8,3.7
20051,3.4,4.8
20053,4.3,3.9
20055,3.5,2.9
20057,3.6,4.3
20059,4.8,4.7
20061,6.4,2.5
20063,3,2.8
20065,5,3.2
20067,3.9,3.6
20069,2.6,3.7
20071,2.7,2.2
20073,5.7,4.4
20075,3.2,4.3
20077,4,2.5
20079,6.3,3.1
20081,2.8,4.8
20083,2.7,2.7
20085,4,2.6
20087,4.1,4.8
20089,4.5,2.6
20091,3.7,3.3
20093,3.7,2.5
20095,4.8,2.6
20097,3.5,3.6
20099,6.2,4.7
20101,3.9,2.2
20103,4.5,2.8
20105,4,2.8
20107,7,2.6
20109,3.2,3.3
20111,4.3,4.7
20113,3.9,2.7
20115,5.9,3.6
20117,3.6,3.5
20119,2.9,2.3
20121,4.3,3.3
20123,3.1,4.1
20125,6.9,3.8
20127,4.3,2.6
20129,4.6,2.8
20131,3,2.7
20133,8.1,3.5
20135,4.1,2.7
20137,2.9,4.8
20139,4.6,2.8
20141,4.1,3.9
20143,4.5,2.7
20145,3.6,4.7
20147,3.6,3.4
20149,4.1,3.1
20151,5,2.9
20153,2.6,3
20155,5.2,3.5
20157,3.2,2.6
20159,4.8,3.2
20161,3.7,2.7
20163,5.5,5.1
20165,4.7,3.5
20167,4.6,2.7
20169,4,2.8
20171,2.7,4.3
20173,5.2,2.4
20175,4.9,3
20177,4.5,4.4
20179,2.9,2.6
20181,3.8,3
20183,3.7,2.8
20185,5,2.7
20187,3.3,3.2
20189,4.7,2.6
20191,4.9,2.8
20193,3.2,3.7
20195,4.2,2.9
20197,3.8,3.6
20199,3.3,2.8
20201,3.9,3.2
20203,2.6,3.4
20205,6.9,4
20207,6.9,2.9
20209,6.1,2.1
21001,6.1,4
21003,3.9,2.9
21005,3.6,3.8
21007,9,2.1
21009,4.3,2.7
21011,6.5,2.7
21013,8.3,3.1
21015,3.5,2.4
21017,4.6,2.8
21019,8.3,4.5
21021,4.5,2.4
21023,5.4,2.5
21025,8.3,3.2
21027,5.7,2.1
21029,3.8,3.4
21031,4.8,2.8
21033,5,3.8
21035,4.1,4.8
21037,3.5,6
21039,6.8,4.2
21041,5,5
21043,10.6,4.4
21045,4.4,3.4
21047,6,5.9
21049,4.5,4.6
21051,9.7,6.1
21053,6.4,6.5
21055,5.2,2.9
21057,4.6,3.3
21059,4,5.8
21061,5.4,4
21063,11.7,3.5
21065,5.2,6.7
21067,3.3,4.8
21069,5.5,3.2
21071,10.4,4.1
21073,3.6,4.4
21075,6.6,3.9
21077,4.4,3.3
21079,4.3,6.1
21081,4.2,4.3
21083,6.4,7.2
21085,6.2,4.6
21087,4,4.8
21089,8.8,3.7
21091,4.7,6.6
21093,4.1,5
21095,11.6,6.4
21097,4.4,5.7
21099,4.4,4.2
21101,4.5,4.9
21103,3.9,8.9
21105,5.1,4.8
21107,5.5,2.9
21109,6.9,4.7
21111,4.2,6.9
21113,3.6,3.4
21115,9.2,5.3
21117,3.8,3.9
21119,10.5,3.5
21121,7.5,3.8
21123,3.9,5
21125,5.8,5.1
21127,10.6,4.6
21129,8.3,5.8
21131,13.2,4.9
21133,11.8,4.3
21135,8.4,8.2
21137,5.6,3.5
21139,6.7,4.7
21141,4.2,3.5
21143,5.6,3.2
21145,5.7,4.7
21147,7.3,5.4
21149,4.5,5.6
21151,3.8,3.7
21153,16.3,2.9
21155,4.3,5.7
21157,5.5,3.2
21159,9,7.3
21161,6,5.7
21163,4.7,4.4
21165,7.1,4.2
21167,4.4,6.9
21169,3.8,5.9
21171,3.6,5.8
21173,6,7.8
21175,6.8,8.6
21177,6.7,4.1
21179,4.3,5.6
21181,4.9,3.6
21183,6.3,5.6
21185,3.1,4.6
21187,3.8,6.6
21189,8.7,5
21191,4.3,3.5
21193,10.4,10.5
21195,10.3,5
21197,6.9,5.1
21199,5,7.2
21201,6.1,3.7
21203,5.3,4
21205,5.3,6.2
21207,7.6,3.8
21209,3.6,4.5
21211,3.3,8.1
21213,4.2,4.3
21215,3.5,6.4
21217,4.8,5.8
21219,3.9,4.2
21221,5,7
21223,5.4,5.1
21225,6.4,3
21227,3.5,3.6
21229,4,5.7
21231,6.8,3.5
21233,5.5,6.7
21235,6.4,6.1
21237,9.5,4.9
21239,3,4.3
22001,7.9,4.4
22003,7.5,4.7
22005,5.3,4.3
22007,9,5.7
22009,7.8,3.1
22011,6.7,3
22013,8,3.4
22015,5.9,3
22017,7.4,5.2
22019,5.5,4.1
22021,8.4,4.5
22023,4.8,3.8
22025,9.6,4.7
22027,7.5,3.7
22029,9.2,4.1
22031,8,5.5
22033,5.7,4.6
22035,11.8,4.9
22037,6.2,8.4
22039,8.5,2.7
22041,9.6,5.3
22043,7.8,5.8
22045,9.7,6.7
22047,7.4,5.3
22049,6.3,6.4
22051,5.9,6.4
22053,6.7,5.3
22055,6.7,6.7
22057,6.7,4.8
22059,6.7,5.2
22061,7.5,5.1
22063,5.3,6.8
22065,9.4,5
22067,10.4,9.4
22069,8.1,6.4
22071,6.7,8.5
22073,6.7,6.2
22075,5.9,4.6
22077,7.2,9.7
22079,6.9,5.7
22081,6.8,6
22083,7.7,7.3
22085,7.3,6.3
22087,6.9,5.8
22089,6,7.1
22091,8.5,5.7
22093,8.1,4.6
22095,7.5,5.9
22097,8.9,4.1
22099,8.3,4.5
22101,10.1,5.8
22103,5.7,5.4
22105,7.5,5.6
22107,10.5,8.1
22109,7.3,7.7
22111,6.9,5.9
22113,7.9,5.5
22115,8.1,4.7
22117,7.9,5.8
22119,9.4,6.3
22121,6.1,5.4
22123,12,6.9
22125,5.5,6.9
22127,8.5,5.2
23001,3.2,5.5
23003,4.8,5.6
23005,2.6,5.8
23007,4,8.6
23009,3.2,6.8
23011,3.2,6.5
23013,2.7,5.6
23015,2.9,7.4
23017,4.2,4.3
23019,4,6.5
23021,4.8,7.6
23023,2.6,4.6
23025,4.9,5.7
23027,3.6,5.3
23029,4.6,6.1
23031,2.9,6.2
24001,6.4,6.1
24003,4,5.3
24005,4.7,9.6
24009,4.1,6.7
24011,4.8,6.6
24013,3.8,3.4
24015,5.3,3.4
24017,4.7,4.2
24019,6.2,2.5
24021,3.9,5.1
24023,5.2,4
24025,4.3,3.5
24027,3.4,2.8
24029,4.7,3
24031,3.4,4.1
24033,4.6,3.7
24035,3.8,5.3
24037,4.5,2.7
24039,6.5,4.8
24041,4,3.9
24043,5.2,6
24045,5.5,2.7
24047,5.8,3.6
24510,6.9,5.9
25001,3.4,3
25003,3.9,3.7
25005,4.7,3
25007,2.7,3.6
25009,3.9,3
25011,3.3,3.5
25013,5.3,3
25015,3.6,5.1
25017,3.2,2.7
25019,1.8,5.2
25021,3.4,3.3
25023,4,2.5
25025,3.7,3.9
25027,4.1,2.6
26001,5.8,3.7
26003,6.1,3.1
26005,3.3,3.3
26007,5,6.3
26009,5,3.4
26011,6.3,3.7
26013,6.8,4.2
26015,3.5,6.2
26017,4.7,5.9
26019,4.6,2.7
26021,4.4,3.4
26023,4.4,2.9
26025,4.4,3.7
26027,4.2,2.7
26029,3.7,2.7
26031,4,2.5
26033,6,3.3
26035,6,2.2
26037,3.4,2.2
26039,6.2,1.5
26041,5.5,2.3
26043,4.5,2.7
26045,3.6,3
26047,4.1,2.7
26049,5,3.6
26051,5.8,7
26053,5.5,5.5
26055,3.4,2.9
26057,4.5,5.7
26059,4.9,4.7
26061,5.2,5.9
26063,4.3,6.7
26065,4,3.4
26067,3.6,4.2
26069,5.8,4.6
26071,4.7,3.9
26073,4.2,3.9
26075,4.6,4.2
26077,3.7,3.2
26079,5.4,4.6
26081,3.2,8.3
26083,6.4,6.5
26085,6,5.5
26087,6.4,2.7
26089,3.5,4.7
26091,4.4,5.4
26093,4.6,4.2
26095,4.4,2.9
26097,3.1,5.6
26099,5.9,4.5
26101,4.9,5.4
26103,4.9,6.4
26105,4.2,3.5
26107,4.9,4.7
26109,5.1,3.8
26111,4.1,5
26113,4.8,4.7
26115,4.3,3
26117,4.5,3.7
26119,7.6,6.6
26121,4.8,6
26123,4.2,3.4
26125,4.7,3.5
26127,5,3
26129,6.3,4.8
26131,6.6,3.2
26133,4.9,6.4
26135,5.6,5.8
26137,4.9,3.9
26139,3,3.1
26141,6.6,3.8
26143,6.8,2.4
26145,4.6,6.2
26147,6.5,7.7
26149,3.7,3.3
26151,5.2,5.5
26153,7,4.5
26155,4.6,5
26157,5.3,4.4
26159,4.6,4.3
26161,3.5,3.3
26163,7.3,4.6
26165,5.1,3.2
27001,5.1,4.2
27003,3.8,8.3
27005,3.8,4.2
27007,4.8,4.7
27009,3.7,2.6
27011,4,6
27013,3.3,5.5
27015,3.9,6.5
27017,4.9,4.6
27019,3.4,6.3
27021,5.6,4.2
27023,4,2.7
27025,3.9,8.5
27027,3.2,5.6
27029,7.6,4.2
27031,3.1,3.8
27033,7.9,3.4
27035,4.3,4.7
27037,3.5,8.3
27039,3.6,4
27041,3,4.7
27043,3.9,4.1
27045,3.7,2.4
27047,3.7,3.9
27049,3.7,5.5
27051,4.1,3.2
27053,3.5,6.2
27055,3.4,2.7
27057,5.5,5
27059,4.2,4.7
27061,7.7,3.5
27063,4,4.3
27065,5.1,2.8
27067,3.5,3.8
27069,4.2,4.9
27071,7.7,2.4
27073,3.9,5.5
27075,4.3,5
27077,4.5,3.7
27079,3.7,3.2
27081,3.2,9.5
27083,3.4,4.1
27085,4.1,4.8
27087,5.2,4.1
27089,5.6,2.4
27091,3.9,3
27093,4,3.4
27095,4.8,3.8
27097,4.5,3.2
27099,3,3.5
27101,3.3,3.1
27103,2.9,5
27105,3.6,2.7
27107,4.6,4.1
27109,3,5
27111,3.6,3.4
27113,4.3,5.8
27115,4.8,3.1
27117,3,4.8
27119,4.4,3.3
27121,2.8,5.6
27123,3.8,5.3
27125,6.3,3.5
27127,4,4.2
27129,5.2,4.1
27131,3.6,3.9
27133,2.2,3.7
27135,4.3,2.9
27137,5.7,3.3
27139,3.2,5.8
27141,3.6,8
27143,3.7,3.5
27145,3.5,4.3
27147,3.8,4.5
27149,2.7,4.7
27151,4.8,2.9
27153,3.9,3.8
27155,3,2.7
27157,3.2,3.1
27159,5.1,4.5
27161,4,2.7
27163,3.4,4.2
27165,5.1,6
27167,3.4,5.3
27169,3.7,3.4
27171,3.5,4.8
27173,3.7,3
28001,8.2,2.9
28003,5,7.5
28005,7.1,3.2
28007,6.5,4
28009,6.5,3.1
28011,7.4,2.7
28013,5.2,3.7
28015,7.3,4.4
28017,6.3,2.6
28019,5.3,3
28021,12.3,3.3
28023,6.4,3.1
28025,7.8,2.9
28027,8.1,3.5
28029,6.4,3.9
28031,5.6,3.9
28033,4.1,4.8
28035,5.8,2.9
28037,6.8,5.2
28039,7.7,3
28041,8,2.5
28043,4.9,3.4
28045,5.9,3.1
28047,5.3,3.1
28049,5.2,3.2
28051,10.9,4.3
28053,11.2,5.4
28055,9.9,6.3
28057,4.8,4.9
28059,6.4,5.3
28061,7.8,7.1
28063,15.4,6.5
28065,9.3,7.2
28067,5.9,5.7
28069,8.2,5.7
28071,4.9,5.3
28073,4.5,7.5
28075,5.8,9.1
28077,7.4,8.2
28079,5.6,6.1
28081,4.8,7.6
28083,9,6.2
28085,5.8,5.5
28087,5.9,2.4
28089,4.2,4.8
28091,6.8,6.5
28093,5.7,7.5
28095,6.3,8.5
28097,6.3,5.5
28099,5.4,4.6
28101,5.9,4.6
28103,8,5
28105,5.6,13.1
28107,6.7,9.3
28109,5.9,10.1
28111,7,5.2
28113,6.7,5.7
28115,4.5,5.8
28117,5.3,11.9
28119,8.3,9.8
28121,3.8,4.4
28123,4.5,8.2
28125,8,4.3
28127,5.5,4
28129,5.1,5.6
28131,6.8,7.6
28133,8.4,6.3
28135,5.7,4.4
28137,5.4,8.8
28139,5.2,5.4
28141,5.1,5.5
28143,6.1,4.1
28145,4.2,5.9
28147,7.9,4.2
28149,6.4,7
28151,9.2,6.3
28153,7.6,5.3
28155,6.1,5.5
28157,10.1,8.8
28159,7.4,5.1
28161,6,6.9
28163,7,5
29001,6.7,6.1
29003,4.5,6.3
29005,5.9,4.5
29007,5.1,5.1
29009,5.3,7.2
29011,6,3.5
29013,6,4.7
29015,7.3,9.8
29017,6.2,4.8
29019,4.1,4.7
29021,4.9,5.5
29023,6.9,8.8
29025,5.6,8.1
29027,5.2,3.6
29029,5.5,5.6
29031,5.3,7
29033,5.9,5
29035,7.8,4.4
29037,5,6.7
29039,6.4,5
29041,5.1,7.6
29043,4.5,6.4
29045,8.7,4.9
29047,4.5,8.4
29049,5,6.7
29051,4.6,5.8
29053,5.7,7.1
29055,5.9,3.6
29057,5.6,3.1
29059,6.5,3.2
29061,4.6,2.7
29063,5.1,3.2
29065,6.6,3.5
29067,7.3,2.8
29069,9.1,3.8
29071,4.9,5.5
29073,5,4.4
29075,4.7,2.3
29077,4.6,3.7
29079,5.6,4.9
29081,4.7,3.5
29083,5.9,3
29085,6.6,4.3
29087,4,3.1
29089,5.4,3.4
29091,7.2,5.8
29093,8.4,2.9
29095,6,3.8
29097,5.2,3.8
29099,4.9,3
29101,6.1,3.8
29103,4.1,2.6
29105,6.2,3.1
29107,4.9,2.7
29109,5.4,3.4
29111,4.9,4.6
29113,4.8,3.6
29115,9,4.7
29117,4.5,3.3
29119,4.9,4.1
29121,6,5
29123,6.9,4.7
29125,6.8,4.7
29127,5,3.8
29129,5,3.6
29131,5.4,3.3
29133,7.7,3
29135,4.9,3.3
29137,5.5,3.2
29139,5.1,3.7
29141,6.4,6.3
29143,9.9,3.2
29145,5.5,3.2
29147,6,3.9
29149,7,5.8
29151,4.2,3.7
29153,8.8,3.5
29155,9.9,3.4
29157,4.3,3.3
29159,6.1,3.7
29161,5.6,3.8
29163,5.4,3.4
29165,4.4,3.3
29167,6.4,3.5
29169,6.8,3.5
29171,5.1,5.3
29173,4.4,2.9
29175,6.6,3.7
29177,5.5,4.4
29179,8.1,5.1
29181,8.4,3.8
29183,4.1,4
29185,7.3,3
29186,5.8,4.5
29187,6.7,5.4
29189,5.1,3.2
29195,5.8,3.9
29197,7.6,3.6
29199,4.6,4.3
29201,6.9,5
29203,8,4
29205,4.8,2.4
29207,7.1,4.1
29209,6,4
29211,7.4,4.4
29213,6.1,5.8
29215,7.6,2.7
29217,5.8,3.5
29219,4.6,3.6
29221,7.2,3.7
29223,6.1,2.4
29225,5.9,3.2
29227,3.6,5.1
29229,7.3,3.5
29510,6.6,3.7
30001,2.9,4
30003,7.7,3.8
30005,4.4,7.4
30007,4.3,5.2
30009,3.5,2.6
30011,2.4,4.1
30013,3.8,3.4
30015,3.6,5.8
30017,3.7,3.1
30019,2.3,3
30021,4,4.5
30023,4.2,3
30025,3.1,4.5
30027,3.3,5.6
30029,4.8,4.8
30031,2.3,4.4
30033,2.4,6.4
30035,9,3.2
30037,3.2,6.9
30039,5.5,5.2
30041,4.9,3
30043,4.5,3.5
30045,2.7,6.2
30047,4.8,5.6
30049,3.3,3.6
30051,3.1,3.8
30053,7.9,4.7
30055,2.1,5.7
30057,3.1,5
30059,4.2,4.3
30061,7.1,9.8
30063,3.5,5.7
30065,4.3,4.7
30067,3.3,4.6
30069,3.1,3.8
30071,4.6,5.1
30073,4.7,3.9
30075,2.5,4.7
30077,4.5,4.8
30079,3,4.2
30081,4.5,7.4
30083,4.9,3.8
30085,6.2,5.4
30087,6.8,5.5
30089,7,3.7
30091,3.2,4.4
30093,4.3,8.4
30095,3.9,5.5
30097,2.9,6.4
30099,3.5,5.1
30101,3.3,4.9
30103,4.1,4.7
30105,3,5.7
30107,4.9,4.2
30109,4.6,4.4
30111,3.7,8.7
31001,3.3,3.8
31003,2.5,5.2
31005,5.4,6.1
31007,4.2,6.7
31009,4.1,4.2
31011,2.8,6.3
31013,3.6,5.3
31015,2.8,6.8
31017,3.5,4.7
31019,2.8,4.9
31021,3.6,4
31023,3.2,6
31025,3.5,5.4
31027,2.8,5.5
31029,2.5,5.5
31031,2.5,7.3
31033,3.3,6.1
31035,3,7.2
31037,3.2,4.8
31039,3.2,6
31041,2.6,4.7
31043,4.5,3.3
31045,3.4,4.5
31047,3,4.2
31049,3.4,4.8
31051,3.4,4.6
31053,3.3,5
31055,3.5,4.6
31057,2.5,4.2
31059,2.8,2.8
31061,3.3,2.6
31063,2.8,2.8
31065,3.3,2.2
31067,3.5,3
31069,3.2,3.4
31071,2.7,2.5
31073,2.7,3.9
31075,2.6,2.9
31077,3.7,3.3
31079,3.4,2.3
31081,2.9,3.7
31083,2.9,2.8
31085,2.8,2.8
31087,4.1,2.5
31089,3.1,2.4
31091,2.7,2.6
31093,2.9,2.3
31095,2.7,2.9
31097,3.1,2.1
31099,2.4,2.3
31101,3,2.6
31103,2.3,3.2
31105,4.3,3
31107,2.8,3.1
31109,3,3
31111,3.2,2.6
31113,3,3.1
31115,3.7,3
31117,2.5,2.2
31119,3,2.6
31121,3.7,2.7
31123,3.5,2.5
31125,2.9,2.8
31127,4.3,3
31129,3,2.6
31131,3.6,2.6
31133,2.4,2.6
31135,2.5,2.3
31137,2.8,2.9
31139,2.5,3
31141,3.5,2.4
31143,2.7,2.6
31145,3.2,3.4
31147,3.3,2.7
31149,2.6,2.6
31151,3.1,3.3
31153,3.1,2.6
31155,3.2,3.2
31157,3.8,6.2
31159,3.1,2.1
31161,3.4,2.7
31163,3.3,2.4
31165,2.6,2.5
31167,2.7,3.8
31169,2.8,2.4
31171,3.2,3.2
31173,4.6,2.4
31175,2.9,2.4
31177,3.2,1.8
31179,3.4,3.3
31181,3.7,2.7
31183,2.7,3.5
31185,2.9,3
32001,5.8,4
32003,6,2.6
32005,5.3,3.1
32007,4.4,3.5
32009,4.7,2.2
32011,5.1,2.2
32013,5.5,2.6
32015,5.9,2.8
32017,5.3,2.3
32019,7.3,2.6
32021,8.6,5
32023,7.5,2.8
32027,6,2.6
32029,5.8,2.3
32031,4.9,2.8
32033,4.6,4
32510,6,2.4
33001,2.6,2.9
33003,2.8,2.8
33005,2.9,1.9
33007,3.5,2.6
33009,2.4,2.6
33011,3.2,5
33013,2.6,7
33015,3.1,2.7
33017,2.7,2.4
33019,2.5,2.6
34001,7.1,2.8
34003,4.7,2.4
34005,5,2.5
34007,6,4.2
34009,5.7,5.8
34011,7.9,4.3
34013,6.6,3.8
34015,5.6,3.7
34017,5.2,8
34019,4.1,3
34021,4.9,4.6
34023,4.9,5.4
34025,4.8,4.6
34027,4.2,5.4
34029,5.4,7.7
34031,6.8,6.4
34033,6.8,4.1
34035,4.4,3
34037,5,3.5
34039,5.6,3.9
34041,5.1,3.5
35001,6.2,2.7
35003,6.9,2.4
35005,6.9,2.7
35006,9.1,2.6
35007,5.6,3.6
35009,5.4,2.4
35011,5,2.5
35013,7.1,2.4
35015,7.2,3
35017,6.6,2.7
35019,6.4,2.5
35021,7.3,3.7
35023,5.4,4.7
35025,9.8,3.2
35027,6,3.1
35028,4.5,3.9
35029,10,6.4
35031,9.8,5.8
35033,8,4.5
35035,6.4,3.6
35037,7,4.8
35039,7.3,2.3
35041,6.1,3.3
35043,7.1,3.4
35045,9.4,3.2
35047,8.1,2.7
35049,5.5,3.7
35051,7.8,4.6
35053,8,3.9
35055,8.3,2.6
35057,9.3,3
35059,4.5,3.9
35061,7.6,2.9
36001,4,4.9
36003,4.9,4
36005,7.8,6.6
36007,5,5.6
36009,5.2,6.8
36011,4.4,5
36013,5.1,4.6
36015,5.2,4.7
36017,4.4,6.1
36019,5.1,5.6
36021,3.3,5.8
36023,4.6,7.2
36025,4.9,4.1
36027,4,6.8
36029,4.6,5.2
36031,4.1,4.2
36033,4.8,3
36035,5.2,15.5
36037,3.8,6.5
36039,4.5,10.5
36041,2.9,5.3
36043,4.4,4.9
36045,5.1,6.1
36047,5.9,4.4
36049,5.4,4.2
36051,4.2,5.7
36053,4.6,5.8
36055,4.6,3.6
36057,5.2,4.4
36059,3.8,5
36061,4.9,6.7
36063,5.2,5
36065,4.3,3.7
36067,4.2,4.6
36069,3.7,4.5
36071,4.2,3.4
36073,5.2,4.9
36075,5.7,7.1
36077,4.3,3.7
36079,3.9,4.6
36081,5,3.9
36083,4.1,4.1
36085,5.9,4.3
36087,4.1,4
36089,5.8,4.7
36091,3.5,3.5
36093,4.2,4.4
36095,4.7,4.2
36097,4.6,3.2
36099,3.8,4.2
36101,5,4.8
36103,4.3,5.8
36105,4.1,4.7
36107,4.5,4
36109,3.7,4.6
36111,4.3,5.5
36113,4.1,4.3
36115,3.8,5.9
36117,4.5,6.3
36119,4.2,5.2
36121,4.1,4.1
36123,3.7,3.9
37001,4.8,3.6
37003,4.5,4.8
37005,5.1,3.3
37007,5.9,5
37009,4.5,4.7
37011,4.8,3.9
37013,5.6,3.5
37015,6.4,3.6
37017,6.7,3.4
37019,5.7,4.7
37021,3.9,4.8
37023,5.1,4.3
37025,4.6,2.9
37027,5.3,5.3
37029,5.3,3.6
37031,4.7,5.1
37033,5.5,3.3
37035,4.9,5.7
37037,4.3,3.3
37039,5.4,3.5
37041,6.5,4.3
37043,5.1,4.5
37045,5.6,4.2
37047,6.1,4.1
37049,5.1,3.5
37051,6.3,4.4
37053,4.6,3.5
37055,4.2,3.3
37057,4.9,3.6
37059,4.6,4.2
37061,5.4,3.7
37063,4.5,3.8
37065,8.5,3.4
37067,4.9,4.8
37069,5.1,3.7
37071,5.3,3.7
37073,5.2,3.1
37075,7.1,2.7
37077,4.4,5.9
37079,5,5.2
37081,5.3,5
37083,7.8,4
37085,5.8,6
37087,4.4,7
37089,4.3,6
37091,6.5,4.5
37093,6.5,3.1
37095,6.4,3.5
37097,4.7,3
37099,5.1,2.9
37101,4.5,2.9
37103,5.1,4.1
37105,5.7,3.7
37107,5.4,2.7
37109,4.6,2.7
37111,4.6,6.3
37113,5.1,3.9
37115,4.9,4
37117,6.8,4.9
37119,4.7,7.6
37121,6,4.1
37123,5.2,4.4
37125,5,2.7
37127,6.8,4.3
37129,4.7,3.2
37131,7.3,4.1
37133,5.4,4.3
37135,4.5,2.9
37137,5.1,5.8
37139,6.2,3.2
37141,5.2,3.2
37143,6.3,5.4
37145,5.4,3.4
37147,5.7,6.5
37149,4.9,4.3
37151,4.8,4.6
37153,6.9,3.2
37155,7.3,6
37157,5.5,3.7
37159,5.5,3.8
37161,6.6,3
37163,5.6,5.1
37165,8.9,5.6
37167,4.7,5.6
37169,4.9,3.4
37171,4.8,3.9
37173,4.9,2.9
37175,4.8,4.5
37177,6.2,3.9
37179,4.4,5.2
37181,7.3,3.7
37183,4.2,4.2
37185,7,3.8
37187,6.9,3.7
37189,4.7,6.8
37191,5.6,2.9
37193,4.7,4.4
37195,8.1,3.9
37197,4.4,3.6
37199,5.1,4.5
38001,2.3,3.6
38003,3.2,5.4
38005,3.1,4.3
38007,2.5,2.5
38009,3.2,4
38011,1.8,3.7
38013,3.8,4.1
38015,2.3,3.9
38017,2,4.3
38019,1.9,4.1
38021,1.8,3.6
38023,2,3.4
38025,2.2,5.3
38027,2.8,6.6
38029,3.1,4.7
38031,2.5,4.4
38033,2.4,5.8
38035,2.3,3.5
38037,2.1,6.3
38039,2.3,3.8
38041,2.9,3.4
38043,2.6,4
38045,2,8.8
38047,2.9,3.2
38049,4.1,7.3
38051,2.4,2.7
38053,3.1,6.7
38055,3.1,2.4
38057,4.5,6
38059,2.9,5.3
38061,2.9,2.9
38063,2.9,3.9
38065,5.3,3.5
38067,4.5,5.5
38069,3,3.5
38071,2.5,3.6
38073,1.9,3
38075,3.5,2.7
38077,2.7,3.2
38079,14.2,6
38081,1.6,2.5
38083,3.7,3.8
38085,5.3,2.1
38087,2.3,2.9
38089,3.3,2.3
38091,1.7,2.1
38093,2.1,3.4
38095,2,2.1
38097,2.7,2.9
38099,3.6,3.2
38101,3.5,4.2
38103,2.7,4.2
38105,3.7,2.9
39001,6.8,3.1
39003,4.6,2.8
39005,4.3,3.1
39007,5.3,2.5
39009,6,3
39011,3.5,4.6
39013,6.3,2.8
39015,5,2.8
39017,4.2,4.9
39019,6,2.9
39021,4.1,3.1
39023,4.7,4.7
39025,4.1,4.4
39027,5.4,3
39029,6,4.7
39031,6.2,3.8
39033,5.5,4.2
39035,5.5,5.2
39037,3.7,3.4
39039,4.3,3.4
39041,3.4,2.4
39043,4.6,2.5
39045,3.9,2.8
39047,3.9,9.5
39049,3.9,2.4
39051,4,5.2
39053,6.4,5.6
39055,4.4,2.6
39057,4.2,2.8
39059,5.8,2
39061,4.2,2.5
39063,3.5,2.8
39065,4.9,2.9
39067,6.4,3.6
39069,4.2,3.2
39071,5.5,4
39073,4.5,2.9
39075,3.3,4
39077,5,7.4
39079,7,4.6
39081,7.4,4.2
39083,4.1,5.1
39085,4.8,5.5
39087,6.1,3.5
39089,4.1,6.4
39091,3.9,5.4
39093,5.9,3.8
39095,4.9,4.6
39097,3.5,3.8
39099,5.8,4.5
39101,4.7,3.8
39103,4.3,3.7
39105,7.6,5.1
39107,3,4.5
39109,4,4.5
39111,9.1,2.8
39113,4.6,4.2
39115,6.8,3.9
39117,4.4,2.8
39119,5.3,4.5
39121,7.3,3.4
39123,4.6,4.1
39125,4.2,3.3
39127,5.5,4.2
39129,4.2,7.3
39131,6.8,2.2
39133,4.5,3.9
39135,4.3,6.7
39137,3.2,3.9
39139,4.9,3.5
39141,4.8,4.3
39143,4.1,5.4
39145,7,4.5
39147,4.4,4.6
39149,3.7,6.5
39151,4.9,3
39153,4.7,5.7
39155,6,6.1
39157,5,6
39159,3.5,4.3
39161,3.7,2.4
39163,5.9,7.8
39165,3.9,3.8
39167,6.4,3.8
39169,3.6,2.9
39171,4.1,4.8
39173,4,3.6
39175,3.4,5.4
40001,5.8,4.4
40003,3.6,2.3
40005,7.1,7.6
40007,3.2,4.2
40009,7.7,3.7
40011,3.7,7.5
40013,4.3,4.2
40015,5.6,7
40017,4.3,4
40019,5.4,5.5
40021,5.6,6.7
40023,8.3,5.3
40025,2.7,4
40027,4,5.6
40029,7.5,4.2
40031,4.8,7.2
40033,5.2,4.1
40035,4.9,4
40037,6.3,3.5
40039,4.9,5.3
40041,5.2,5.3
40043,4.1,4.4
40045,3.7,7.6
40047,4.5,4.5
40049,5.7,4.1
40051,5.2,4.4
40053,3.1,4.4
40055,7.9,5.3
40057,3.6,4.4
40059,4.3,3.2
40061,8.8,4.4
40063,7.5,7.2
40065,4.9,3.5
40067,8,5.7
40069,6.5,3.5
40071,6.7,3.7
40073,3.6,3.7
40075,5.6,4.2
40077,9.7,3
40079,7.4,3.5
40081,5.5,2.9
40083,4.3,3.6
40085,3.3,2.4
40087,4.3,3.1
40089,7.7,2.8
40091,9.5,2.9
40093,4.3,3.7
40095,5.1,2.3
40097,5.5,3.7
40099,4.3,3.1
40101,6,4.7
40103,4,2.2
40105,6.5,2.3
40107,6.1,4.2
40109,4.5,3.6
40111,7.4,3.2
40113,6.1,3.5
40115,5.3,3.2
40117,7.1,2.5
40119,3.9,3.6
40121,6.5,2.7
40123,4.2,2.6
40125,5,2.8
40127,7.7,3.4
40129,5.4,2.9
40131,5.6,2.5
40133,7.3,3.9
40135,6.5,2.7
40137,10.4,2.1
40139,3.5,4.4
40141,4.5,5.1
40143,5.2,3
40145,5.2,3.5
40147,5,3.6
40149,7.2,4.2
40151,3.3,2.2
40153,6.4,2.8
41001,6.7,4.7
41003,5,4.2
41005,5.2,2.9
41007,5.1,2.5
41009,7.1,3.5
41011,7.3,2.5
41013,6.9,4.7
41015,7,4.5
41017,5.1,2.3
41019,7.3,3.7
41021,7.1,3.3
41023,6.1,3.5
41025,5.9,3.8
41027,4,2.3
41029,6.8,3.4
41031,6.6,3.8
41033,7.4,2.8
41035,7.2,4.4
41037,5.7,3.1
41039,6.2,4.5
41041,5.9,3.7
41043,6.7,2.4
41045,6.1,4.4
41047,5.9,3.3
41049,5.8,3.2
41051,5,4.3
41053,6,2.4
41055,4.3,2.6
41057,5.2,4.2
41059,5.9,4.3
41061,6.3,3.3
41063,5,2.6
41065,5.9,3.2
41067,5,2.8
41069,4.9,2.5
41071,5.4,3
42001,4.5,2.6
42003,5.9,2.5
42005,8,2.9
42007,6.8,5.1
42009,5.8,7.1
42011,5.6,3.8
42013,5.7,4
42015,6.5,5
42017,5.2,5.5
42019,5.7,7.3
42021,7.7,7.2
42023,8.2,7
42025,6.7,5.3
42027,4.8,7.3
42029,4.6,4.8
42031,7.2,9.6
42033,7.5,8.4
42035,7.3,6.6
42037,6.2,5.6
42039,6.7,5.3
42041,4.7,7
42043,5.3,7.3
42045,5.6,8.3
42047,6.7,5.4
42049,7.1,6.4
42051,8.5,6.6
42053,8.5,7.6
42055,5.7,5.5
42057,6.3,7.7
42059,8.1,4.6
42061,7.1,4.8
42063,8.3,6.2
42065,7.3,5.2
42067,5.8,6.1
42069,6.4,5.5
42071,4.8,7.5
42073,7,6.1
42075,5.1,3.9
42077,6.3,7.2
42079,6.9,4.9
42081,7,4.1
42083,7.2,3.1
42085,6.8,4
42087,6,5.7
42089,6.9,4.3
42091,4.7,5.5
42093,4.9,3.9
42095,5.9,4.6
42097,6.6,3.6
42099,5.1,3.4
42101,7.7,4.1
42103,6.8,6.1
42105,7.8,6.6
42107,6.7,5.1
42109,5.1,3.4
42111,7.5,3
42113,7,5
42115,5.4,5.6
42117,7.4,5.1
42119,5.4,5.2
42121,8,4.9
42123,5.9,3.1
42125,6.6,3.5
42127,5.6,3.7
42129,6.6,4.8
42131,6.2,4.5
42133,5.2,5.6
44001,5,7
44003,5.3,3.7
44005,4.8,3.8
44007,6.3,5.8
44009,5,6
45001,6.1,5.7
45003,5.6,5.2
45005,9.1,4.1
45007,5.2,4.5
45009,11.4,2.8
45011,8,4.9
45013,5.1,3.1
45015,5,3.6
45017,7.4,5.1
45019,4.5,4.3
45021,6.6,4.7
45023,8.4,4.9
45025,5.7,4.2
45027,7.1,4.1
45029,5.8,3.1
45031,6.8,3.5
45033,7.1,3.7
45035,4.9,4.5
45037,6.1,3.7
45039,7.7,5.5
45041,5.8,3.8
45043,6.6,4.5
45045,4.7,5.8
45047,5.8,3.6
45049,6.2,5.2
45051,5.4,4.8
45053,4.7,3.9
45055,5.8,4.4
45057,6,3.8
45059,5.6,5
45061,8.2,3.7
45063,4.5,4.6
45065,5.8,4.5
45067,8.6,4.6
45069,9.1,4.8
45071,4.8,3.3
45073,5.5,4.1
45075,11.3,3.6
45077,5.6,3.9
45079,5.4,3.7
45081,4.8,4.4
45083,5.3,3.3
45085,6.5,3.8
45087,6.5,3.8
45089,7.9,3.9
45091,5.2,5.3
46003,1.9,3.2
46005,2.3,5.2
46007,4,5.1
46009,2.4,3.2
46011,2.5,3.3
46013,2.4,3.9
46015,2.5,3.4
46017,9.8,4.3
46019,2.9,5.3
46021,2.5,4.8
46023,3,5.6
46025,2.9,3.9
46027,2.7,5
46029,2.6,7
46031,5.5,3.1
46033,3.1,3.7
46035,1.9,5.1
46037,3.6,4.2
46039,3.2,5.6
46041,14.1,2.7
46043,2.2,4.4
46045,2.1,4.4
46047,3.8,3.7
46049,2.5,3.7
46051,2.5,3.9
46053,2.6,3.8
46055,2.1,3.4
46057,2.4,5.8
46059,1.9,2.8
46061,3.2,6.5
46063,2.1,9.6
46065,2,7
46067,2,4.3
46069,2.8,3.6
46071,2.8,6
46073,2.4,3.1
46075,2.4,3.4
46077,2.1,3.8
46079,3,3.7
46081,2.9,4.4
46083,1.8,5.3
46085,5,7.8
46087,2.1,3.3
46089,3.6,2.5
46091,2.8,2.2
46093,2.7,2.4
46095,3.8,3.5
46097,2.4,2.6
46099,2.2,2
46101,3.6,2.3
46102,13.2,2.4
46103,2.6,9.2
46105,2.8,2.7
46107,2.3,5.3
46109,3.3,2.7
46111,2.5,3.6
46115,2.6,2.1
46117,2,2.4
46119,1.9,5.5
46121,6.8,2.9
46123,1.9,2.2
46125,2.4,4
46127,2.9,3.1
46129,4.3,9
46135,2.3,2.1
46137,5.6,2.3
47001,5.1,3.7
47003,5.3,2.4
47005,7.4,3
47007,6.6,3
47009,4.5,1.7
47011,4.7,2.5
47013,6.7,2
47015,4.9,2.1
47017,7.1,2.6
47019,5.9,1.9
47021,4,2.5
47023,5.7,2.5
47025,6.4,4.2
47027,6.4,2.3
47029,6,2.1
47031,4.9,2.5
47033,5.2,2.4
47035,5.9,2.8
47037,3.8,1.7
47039,7.3,4
47041,5.8,2.1
47043,4.4,2.8
47045,6.1,3.6
47047,5.3,2.3
47049,6,3.7
47051,5.7,2.6
47053,6.2,1.9
47055,4.3,3.7
47057,5.4,8.5
47059,5.8,2.3
47061,6.6,2.5
47063,5.3,2.7
47065,5,3.8
47067,8,2.4
47069,6.2,3
47071,6.2,1.8
47073,5.5,2.2
47075,6.5,4.4
47077,7,2.6
47079,6,2.2
47081,4.6,2.4
47083,7.7,3.3
47085,6.2,2.2
47087,7.3,7.6
47089,5.4,3.9
47091,4.9,4.1
47093,4.3,4.5
47095,7.3,7.3
47097,7.8,4
47099,5.9,3.5
47101,5.8,3.5
47103,4.4,5.9
47105,4.8,3.5
47107,5.8,7.7
47109,7.4,4.7
47111,4.5,2.7
47113,5.3,4
47115,6.7,4.9
47117,4.8,6.4
47119,4.2,6.3
47121,7.2,3.9
47123,5.5,4.6
47125,5.5,4.9
47127,4.2,3.1
47129,6.6,5.3
47131,7.5,4.6
47133,5.6,3.5
47135,6.2,5.1
47137,5.7,4.4
47139,5.8,7.3
47141,5.2,3.8
47143,7.5,5.2
47145,5.8,4.3
47147,4.4,4.5
47149,4,5.7
47151,7.4,4.9
47153,6.1,3.9
47155,4.2,3.2
47157,5.8,5
47159,4.6,5
47161,6.8,5.3
47163,5.5,4.1
47165,4.1,5.5
47167,5.9,4.9
47169,4.9,4.8
47171,6.9,4
47173,5.9,5.8
47175,5.8,4.9
47177,4.8,6.2
47179,5.1,4.2
47181,6.2,6.6
47183,7.3,3
47185,5.4,6.1
47187,3.7,5.1
47189,4,9.1
48001,4.8,5.4
48003,4.9,3.5
48005,6.6,3.5
48007,5.9,4.4
48009,4.5,4.3
48011,3.5,3.7
48013,5.7,3.6
48015,5.9,4.4
48017,4.6,3.5
48019,4.3,3.5
48021,4.1,5.1
48023,3.5,5.3
48025,8.5,3.7
48027,4.8,3.1
48029,4.1,5
48031,3.3,4.2
48033,3.4,5.3
48035,4.7,5.1
48037,5.4,5
48039,5.7,4.4
48041,3.9,4.3
48043,4.3,4.6
48045,4.8,4.2
48047,12.5,3.5
48049,4.8,3
48051,5.2,5.1
48053,3.8,3.8
48055,4.5,4.9
48057,5.5,3.8
48059,4.6,4.2
48061,7.6,4.8
48063,7.8,3.6
48065,3.5,3.2
48067,8.2,3.6
48069,3.5,3.4
48071,6.8,6.7
48073,5.5,3.8
48075,3.5,4.6
48077,4.5,4
48079,6,3.9
48081,3.9,8.1
48083,6.4,4.9
48085,3.8,4.5
48087,3.6,2.5
48089,5.3,3.1
48091,4.2,4.3
48093,4.6,6
48095,3.2,4.9
48097,4.2,4.8
48099,4.9,5.9
48101,5,3.2
48103,9.1,3.1
48105,6.7,4.1
48107,5.1,3.9
48109,4.1,4.5
48111,2.5,3.6
48113,4.2,3.4
48115,6,4.6
48117,3.5,5.8
48119,4.3,4.1
48121,3.7,4
48123,6,3.1
48125,5.7,6.4
48127,7.4,4.1
48129,5.3,4.9
48131,12.1,4.9
48133,5.7,3.7
48135,6.8,3.9
48137,5.2,3.6
48139,4.1,6.7
48141,5.4,4.4
48143,4.7,4
48145,4.6,3.5
48147,4.1,4
48149,4.1,4.6
48151,4.7,3.8
48153,5.5,6.9
48155,4.6,5.1
48157,5.7,3.2
48159,5.5,5.8
48161,7.2,3.6
48163,5.4,4.2
48165,3.7,4.6
48167,5.9,4.7
48169,3.8,3.5
48171,3.1,5.8
48173,4.3,4.2
48175,5.7,4.7
48177,4.6,2.8
48179,7.3,3.7
48181,4,3.7
48183,6.8,3.5
48185,7.6,3.9
48187,4,5.6
48189,6.4,3.6
48191,8.2,5.3
48193,5.3,4.3
48195,3.2,5.3
48197,4.2,3.7
48199,6.8,4.5
48201,5.8,5.6
48203,6.7,3.3
48205,2.1,3.8
48207,5.1,5.2
48209,3.7,4.8
48211,3.8,5
48213,5.3,2.8
48215,8.4,4.3
48217,4.8,5.1
48219,5.1,8.6
48221,5,4.1
48223,4.5,7
48225,5,4.7
48227,6.1,5.3
48229,7,4.3
48231,4.5,3.5
48233,6.7,6.7
48235,3.3,3.6
48237,5.2,5.4
48239,5.3,4.8
48241,8.8,3.4
48243,2.9,3.8
48245,7.6,4.8
48247,9.9,3.8
48249,11.3,3.5
48251,4.7,4.2
48253,6.2,5
48255,5.3,6
48257,4,4.3
48259,3.6,4.8
48261,5.4,4.3
48263,2.9,3.8
48265,3.9,3
48267,3.9,3.8
48269,3.6,3.4
48271,6.6,5
48273,7.9,4
48275,5.3,5.4
48277,5.4,5.3
48279,7.1,3.4
48281,4.6,4.5
48283,5.7,5.2
48285,4.7,3.7
48287,4.2,2.9
48289,7.3,3.6
48291,8.5,5.5
48293,6.2,4.3
48295,5.1,4.9
48297,5.5,3.1
48299,4.3,4.2
48301,4.4,3.2
48303,3.7,2.9
48305,4.5,4.2
48307,5.1,9.1
48309,4.4,4.5
48311,2.2,4
48313,4.8,3.9
48315,7.7,4
48317,4.8,5.1
48319,3.7,5
48321,7.6,4.5
48323,11.4,4.2
48325,4.8,4.7
48327,5,3.2
48329,4.6,4.2
48331,5.6,3.7
48333,4.6,7.1
48335,7.3,3.8
48337,5.1,6.4
48339,5.5,5.9
48341,3.2,5.9
48343,13.1,3.7
48345,3.9,5.1
48347,5.5,5.3
48349,4.6,4
48351,7.9,3.3
48353,5.1,3.4
48355,5.9,3.8
48357,5.4,3.8
48359,3.4,3.5
48361,7.5,3.3
48363,5.9,7.4
48365,7.5,5
48367,4.3,4.6
48369,2.8,4.9
48371,5.9,4.9
48373,7.1,3.8
48375,3.6,7
48377,11.9,3.1
48379,4.5,3.5
48381,3.2,5.1
48383,7.7,5.8
48385,5.3,4.7
48387,6.6,3.4
48389,6.1,4.5
48391,7.4,4.2
48393,4.9,8.2
48395,5.5,3.5
48397,3.9,4
48399,4.8,5.2
48401,6.4,4.1
48403,9.8,4
48405,9.6,4.8
48407,6.9,6.3
48409,7.8,3.9
48411,3.9,2.9
48413,5.9,6.6
48415,6.3,14.8
48417,4,3.9
48419,6.5,3.5
48421,3.4,4.1
48423,5.1,3.7
48425,5.1,3.5
48427,14.1,5.5
48429,5.9,4.7
48431,3.8,3.6
48433,4.9,3.2
48435,8.5,6.3
48437,4.7,3.4
48439,4.2,4.3
48441,4,4.9
48443,4.1,7.9
48445,5.5,4.8
48447,4,5.2
48449,7.2,3.1
48451,4.7,3.2
48453,3.4,6.8
48455,6.7,4.1
48457,8.2,5.6
48459,7.3,3.5
48461,5,3.4
48463,5.6,5
48465,6.7,5.8
48467,4.6,5.3
48469,5.7,16.4
48471,6.2,3.9
48473,6.4,2.5
48475,5.8,3.4
48477,5.6,4.4
48479,5.2,4.8
48481,5.4,8.7
48483,4.4,4.2
48485,4.6,2.5
48487,5.4,4.6
48489,13.3,3
48491,3.6,4.7
48493,4.2,4.9
48495,8.5,8.4
48497,5.1,5.2
48499,5.8,4.6
48501,5,5.8
48503,4.8,4.2
48505,11.2,3.7
48507,17.3,4.8
49001,6.1,3.4
49003,3.3,5.2
49005,3,2.7
49007,6.1,4.4
49009,3.4,4.1
49011,3.1,16.6
49013,8.6,4.2
49015,5.9,3.3
49017,5.3,4.3
49019,3.5,3.8
49021,4.6,4
49023,3.4,3.5
49025,2.8,4
49027,3.2,3.9
49029,2.8,4.9
49031,4.8,3.4
49033,2.2,4.4
49035,3.2,3.9
49037,7.3,3
49039,4,5.3
49041,4.2,6.7
49043,2.9,4.8
49045,3.9,4.8
49047,9.8,5.7
49049,3.1,6.2
49051,3,3.9
49053,3.5,3.7
49055,5.3,4.6
49057,3.7,4.4
50001,3.1,6.2
50003,4,3.7
50005,4.2,6
50007,2.7,4.3
50009,5.2,3.9
50011,3.2,4.6
50013,3.7,3.7
50015,3.7,9.8
50017,2.9,2.7
50019,4.5,3.6
50021,4,5.7
50023,3.1,3.4
50025,3.3,5
50027,3.1,5.2
51001,4.3,4.9
51003,3.6,8
51005,4.9,12.3
51007,4.3,3.3
51009,4.6,3.4
51011,4.7,3.7
51013,2.6,2.8
51015,3.6,5.6
51017,3.6,3.9
51019,4.1,3.1
51021,6.4,4.9
51023,3.5,4.8
51025,5.9,6.8
51027,10.9,6.5
51029,5.1,3.2
51031,4.5,3.5
51033,4.3,3.8
51035,5.9,3.4
51036,4.4,3.4
51037,5.2,4.5
51041,3.8,3
51043,3.3,3.2
51045,4.4,8
51047,3.8,4.4
51049,4.6,3.9
51051,10,3.5
51053,4.8,3.7
51057,4.7,4.2
51059,3.2,2.9
51061,3.4,3.5
51063,4.4,3.5
51065,3.4,4.6
51067,4.3,4.2
51069,3.4,2.8
51071,6.9,2.6
51073,3.6,3
51075,3.6,3.4
51077,5.2,2.3
51079,3.2,4
51081,5.1,3
51083,6.2,3.9
51085,3.5,3.2
51087,3.9,2.4
51089,5.4,4.4
51091,3,3.2
51093,4.4,2.7
51095,3.8,2.8
51097,4.2,2.5
51099,4.1,2.3
51101,3.7,3
51103,4.4,1.7
51105,6.9,3.1
51107,3.2,2
51109,3.7,2.1
51111,4.6,2.5
51113,3.1,1.6
51115,3.8,2
51117,5.6,2.7
51119,3.7,2
51121,4.5,5.3
51125,3.5,1.8
51127,3.3,3.5
51131,5,5.9
51133,4.4,3.2
51135,4,2.3
51137,3.9,2.2
51139,4.5,4.1
51141,4.5,2.5
51143,4.9,3.2
51145,3.6,1.8
51147,5.6,1.6
51149,4.9,2.4
51153,3.6,1.9
51155,10,2.2
51157,3.5,5.8
51159,3.3,2.1
51161,3.6,2.7
51163,4.3,1.6
51165,3.6,1.6
51167,6.5,3.7
51169,4.6,2
51171,3.6,3
51173,5.6,2.1
51175,3.8,4.3
51177,4.1,1.9
51179,4,1.8
51181,5.6,5.1
51183,5.9,1.8
51185,8.1,3.4
51187,3.9,5
51191,4.6,1.7
51193,4.2,1.8
51195,8.7,4.9
51197,7,2.9
51199,4,2.2
51510,2.9,2
51520,5.2,2.6
51530,5.1,2
51540,3.5,1.9
51550,4.4,5.9
51570,4.5,4.2
51580,5.8,1.4
51590,6.6,2.4
51595,6.4,3.5
51600,3.1,1.8
51610,2.7,2.2
51620,5.9,3.4
51630,4.7,2.1
51640,5.1,2.5
51650,5.7,2.3
51660,5.2,1.8
51670,6.5,2.7
51678,7.4,4.6
51680,5.5,2.9
51683,3.5,2.1
51685,3.5,2.6
51690,6.8,3.3
51700,5.1,3.3
51710,5.4,1.8
51720,7.2,3.4
51730,7.4,2.6
51735,3.6,1.8
51740,6.2,4.6
51750,6.7,1.9
51760,4.7,4.4
51770,4.4,1.7
51775,4,2.2
51790,3.9,1.7
51800,4.7,5.2
51810,4,3.9
51820,4.1,1.8
51830,5.9,4.4
51840,3.9,2.8
53001,4.8,1.7
53003,4.7,1.7
53005,6.5,2.9
53007,5.1,3.7
53009,7.6,5.1
53011,6.6,2
53013,5.9,3.6
53015,7.6,3.6
53017,6.6,4.2
53019,9.8,4.3
53021,6.5,2
53023,5.3,1.8
53025,6.6,3.2
53027,8.7,2.3
53029,6,3
53031,7.2,2.3
53033,3.9,2.3
53035,5.9,4
53037,5.8,4.4
53039,6.5,3.1
53041,8.1,1.4
53043,4.1,1.6
53045,8.3,3.2
53047,6.1,2.3
53049,7.7,3.5
53051,8.9,2.7
53053,6.5,2.3
53055,3.9,2.9
53057,6.7,3.6
53059,6.7,2.4
53061,4.3,1.7
53063,6.3,1.4
53065,7.9,8
53067,5.9,2.6
53069,8.4,3.3
53071,5.6,4.1
53073,6.3,3.4
53075,5.5,1.9
53077,7.3,3.4
54001,5.8,3.3
54003,4,2.7
54005,8.5,2.5
54007,6.9,1.9
54009,6.5,2.2
54011,4.8,2.5
54013,8.5,2.2
54015,9.1,2.6
54017,4.9,4.4
54019,6.8,2.2
54021,6.8,5.2
54023,6.1,8.4
54025,4.5,5.6
54027,4.1,5.5
54029,6.5,7.2
54031,5.3,7.6
54033,5.4,5.3
54035,5.9,8.8
54037,3.4,7
54039,5.2,6.8
54041,7.1,10.5
54043,7.4,8
54045,10,5.2
54047,13.1,8.6
54049,6,8.1
54051,7,5.6
54053,7,6
54055,6.7,3.7
54057,6,5.6
54059,11.7,6.1
54061,4.5,8.3
54063,4.5,8.1
54065,4.5,5.3
54067,8.5,7.1
54069,5.3,9.1
54071,3.5,7.8
54073,7.5,8.4
54075,5.1,5.6
54077,5.2,4.4
54079,4.6,6.4
54081,6.3,6.8
54083,5.3,4.1
54085,5.9,5.8
54087,8.5,8
54089,5.5,5.1
54091,5.2,7.4
54093,4.8,6.3
54095,8.1,5.7
54097,7,4.1
54099,6.3,8.5
54101,8.2,5.5
54103,8.1,7.9
54105,8.1,3.6
54107,5.7,6.8
54109,9.4,7.3
55001,5.6,4.6
55003,5.1,4.8
55005,3.9,10.3
55007,5.8,8.5
55009,3.6,5.8
55011,4.2,7.1
55013,4.9,7.3
55015,3.4,5.3
55017,3.6,6.6
55019,3.2,3.3
55021,3.3,4.6
55023,4.3,3.8
55025,2.8,5.8
55027,3.7,5.9
55029,3.4,3.4
55031,5.2,4.9
55033,3.8,5.8
55035,3.4,7.3
55037,5.5,7.5
55039,3.6,10.3
55041,6.2,5.8
55043,3.7,5.7
55045,3.1,8.1
55047,3.9,5.1
55049,3,5.4
55051,7,7.8
55053,3.7,4.3
55055,3.9,4.9
55057,4,3.9
55059,4.8,6.8
55061,3.1,4.5
55063,3.7,7.9
55065,2.9,5.8
55067,5.4,6.7
55069,4.3,5.6
55071,4.3,4.8
55073,3.4,6.1
55075,5.2,6
55077,4.7,6.3
55078,8.6,9
55079,5.5,7.4
55081,3.5,5.5
55083,3.9,6.3
55085,4.3,5.9
55087,3.5,6
55089,3.4,5.2
55091,3.2,7.3
55093,3.8,8
55095,3.8,7
55097,3.5,4.6
55099,3.8,7.7
55101,5.3,3.5
55103,3.4,4.6
55105,4.3,5.5
55107,4.5,4.1
55109,3.5,5.5
55111,3.1,2.9
55113,5.6,3.8
55115,3.9,4
55117,3.3,2.8
55119,3.5,4.3
55121,3.4,4.4
55123,3.1,3.7
55125,4.5,3.8
55127,4,2.4
55129,4.6,3.3
55131,3.4,4.1
55133,3.6,4.5
55135,3.7,3.5
55137,4.6,3.3
55139,3.7,4.3
55141,4.7,3.1
56001,3.3,5.9
56003,4.4,3.4
56005,6.8,3.3
56007,4.1,4.1
56009,6,2.9
56011,4,7.1
56013,6.6,4.7
56015,3.3,3
56017,4.3,5.1
56019,4.4,4.2
56021,4,2.8
56023,3.8,3.3
56025,6.8,3.1
56027,3.3,4.8
56029,3.7,4.3
56031,4.6,3.4
56033,4,3.4
56035,5.4,4.5
56037,5.7,5.4
56039,2,9.1
56041,5.3,4.4
56043,4.5,3.8
56045,4.9,3.7
72001,15.7,5.1
72003,14.5,3
72005,14.9,2.6
72007,14.5,3.6
72009,15.1,2.6
72011,13,3.5
72013,13.7,3.6
72015,18.7,5.2
72017,15,4.1
72019,14.1,3.6
72021,9.2,4.3
72023,12.9,5.4
72025,10.7,2.5
72027,12.8,3.1
72029,12.4,5.5
72031,8.8,3.7
72033,9.9,2.6
72035,11.2,3.9
72037,13.4,4.1
72039,16.9,3.8
72041,10.6,5.1
72043,19.5,3
72045,13.7,5.3
72047,12.6,2.9
72049,3.8,2.8
72051,8.5,3.5
72053,13.8,4.3
72054,15.4,2.8
72055,17.9,4
72057,17.3,3.9
72059,18.1,3.4
72061,6.3,5.1
72063,9.2,3.1
72065,14.1,4.3
72067,12.7,4
72069,14.2,3.7
72071,14.3,5.3
72073,12.5,3.7
72075,15.8,3.7
72077,13.4,3.8
72079,18.8,3.8
72081,17.8,3.9
72083,13.7,4
72085,14.7,3.7
72087,12.7,4.1
72089,15,4.1
72091,12.2,4.1
72093,13.7,3
72095,17.7,4
72097,14.5,2.5
72099,15.6,4.1
72101,14.3,4.7
72103,12.8,4.3
72105,13.6,10.1
72107,15.4,12.5
72109,20.6,13.1
72111,16.9,13.2
72113,13.8,10
72115,16.1,11.7
72117,13.3,12.5
72119,11.5,11.2
72121,16.5,14.6
72123,23.4,12.8
72125,15.4,10.9
72127,8.2,7.6
72129,13.2,9.6
72131,18.1,9.3
72133,20.6,10.5
72135,8.9,12
72137,9.1,7.9
72139,7.6,9.3
72141,15.3,11.4
72143,12,10.7
72145,14.3,14.2
72147,11.3,10.5
72149,19.6,11.6
72151,16.6,12
72153,18,9.9